44, 2, 63.017755770798, 63.3232398013197, 63.3303407795345, 8.89917821041308, -1138516.36433021, -1138516.36433021, 127935
444, 2, 63.0989900507794, 63.2467834496802, 63.3184387753023, 8.89917821041308, -1138516.36433021, -1138516.36433021, 127935
4444, 2, 63.278332850594, 63.1152199332857, 63.1994187329812, 8.89917821041308, -1138516.36433021, -1138516.36433021, 127935
44444, 2, 63.1727608487398, 63.0655847693407, 63.2752183097693, 8.89917821041308, -1138516.36433021, -1138516.36433021, 127935
444444, 2, 63.3830408301975, 63.202233129891, 63.4002140776504, 8.89917821041308, -1138516.36433021, -1138516.36433021, 127935
44, 2.1, 63.200502870798, 63.5059869013197, 63.5130878795345, 8.89917821041308, -1138516.36433021, -1138516.36433021, 127935
444, 2.1, 63.2817371507794, 63.4295305496802, 63.5011858753023, 8.89917821041308, -1138516.36433021, -1138516.36433021, 127935
4444, 2.1, 63.461079950594, 63.2979670332857, 63.3821658329812, 8.89917821041308, -1138516.36433021, -1138516.36433021, 127935
44444, 2.1, 63.3555079487398, 63.2483318693407, 63.4579654097693, 8.89917821041308, -1138516.36433021, -1138516.36433021, 127935
444444, 2.1, 63.5657879301975, 63.384980229891, 63.5829611776504, 8.89917821041308, -1138516.36433021, -1138516.36433021, 127935
44, 2.2, 63.383249970798, 63.6887340013197, 63.6958349795345, 8.89917821041308, -1138516.36433021, -1138516.36433021, 127935
444, 2.2, 63.4644842507794, 63.6122776496802, 63.6839329753024, 8.89917821041308, -1138516.36433021, -1138516.36433021, 127935
4444, 2.2, 63.643827050594, 63.4807141332857, 63.5649129329812, 8.89917821041308, -1138516.36433021, -1138516.36433021, 127935
44444, 2.2, 63.5382550487398, 63.4310789693407, 63.6407125097693, 8.89917821041308, -1138516.36433021, -1138516.36433021, 127935
444444, 2.2, 63.7485350301975, 63.567727329891, 63.7657082776504, 8.89917821041308, -1138516.36433021, -1138516.36433021, 127935
44, 2.3, 63.565997070798, 63.8714811013197, 63.8785820795345, 8.89917821041308, -1138516.36433021, -1138516.36433021, 127935
444, 2.3, 63.6472313507794, 63.7950247496802, 63.8666800753024, 8.89917821041308, -1138516.36433021, -1138516.36433021, 127935
4444, 2.3, 63.826574150594, 63.6634612332857, 63.7476600329812, 8.89917821041308, -1138516.36433021, -1138516.36433021, 127935
44444, 2.3, 63.7210021487398, 63.6138260693407, 63.8234596097693, 8.89917821041308, -1138516.36433021, -1138516.36433021, 127935
444444, 2.3, 63.9312821301975, 63.750474429891, 63.9484553776504, 8.89917821041308, -1138516.36433021, -1138516.36433021, 127935
44, 2.4, 63.748744170798, 64.0542282013197, 64.0613291795345, 8.89917821041308, -1138516.36433021, -1138516.36433021, 127935
444, 2.4, 63.8299784507794, 63.9777718496802, 64.0494271753024, 8.89917821041308, -1138516.36433021, -1138516.36433021, 127935
4444, 2.4, 64.009321250594, 63.8462083332857, 63.9304071329812, 8.89917821041308, -1138516.36433021, -1138516.36433021, 127935
44444, 2.4, 63.9037492487398, 63.7965731693407, 64.0062067097693, 8.89917821041308, -1138516.36433021, -1138516.36433021, 127935
444444, 2.4, 64.1140292301975, 63.933221529891, 64.1312024776504, 8.89917821041308, -1138516.36433021, -1138516.36433021, 127935
44, 2.5, 63.931491270798, 64.2369753013197, 64.2440762795345, 8.89917821041308, -1138516.36433021, -1138516.36433021, 127935
444, 2.5, 64.0127255507794, 64.1605189496802, 64.2321742753024, 8.89917821041308, -1138516.36433021, -1138516.36433021, 127935
4444, 2.5, 64.192068350594, 64.0289554332857, 64.1131542329812, 8.89917821041308, -1138516.36433021, -1138516.36433021, 127935
44444, 2.5, 64.0864963487398, 63.9793202693407, 64.1889538097693, 8.89917821041308, -1138516.36433021, -1138516.36433021, 127935
444444, 2.5, 64.2967763301975, 64.115968629891, 64.3139495776504, 8.89917821041308, -1138516.36433021, -1138516.36433021, 127935
44, 2.6, 64.1142383707979, 64.4197224013197, 64.4268233795345, 8.89917821041308, -1138516.36433021, -1138516.36433021, 127935
444, 2.6, 64.1954726507794, 64.3432660496802, 64.4149213753023, 8.89917821041308, -1138516.36433021, -1138516.36433021, 127935
4444, 2.6, 64.374815450594, 64.2117025332857, 64.2959013329812, 8.89917821041308, -1138516.36433021, -1138516.36433021, 127935
44444, 2.6, 64.2692434487398, 64.1620673693407, 64.3717009097693, 8.89917821041308, -1138516.36433021, -1138516.36433021, 127935
444444, 2.6, 64.4795234301975, 64.298715729891, 64.4966966776504, 8.89917821041308, -1138516.36433021, -1138516.36433021, 127935
44, 2.7, 64.2969854707979, 64.6024695013197, 64.6095704795345, 8.89917821041308, -1138516.36433021, -1138516.36433021, 127935
444, 2.7, 64.3782197507794, 64.5260131496802, 64.5976684753023, 8.89917821041308, -1138516.36433021, -1138516.36433021, 127935
4444, 2.7, 64.557562550594, 64.3944496332857, 64.4786484329812, 8.89917821041308, -1138516.36433021, -1138516.36433021, 127935
44444, 2.7, 64.4519905487398, 64.3448144693407, 64.5544480097693, 8.89917821041308, -1138516.36433021, -1138516.36433021, 127935
444444, 2.7, 64.6622705301975, 64.481462829891, 64.6794437776504, 8.89917821041308, -1138516.36433021, -1138516.36433021, 127935
44, 2.8, 64.4797325707979, 64.7852166013197, 64.7923175795345, 8.89917821041308, -1138516.36433021, -1138516.36433021, 127935
444, 2.8, 64.5609668507794, 64.7087602496802, 64.7804155753023, 8.89917821041308, -1138516.36433021, -1138516.36433021, 127935
4444, 2.8, 64.740309650594, 64.5771967332857, 64.6613955329812, 8.89917821041308, -1138516.36433021, -1138516.36433021, 127935
44444, 2.8, 64.6347376487398, 64.5275615693407, 64.7371951097693, 8.89917821041308, -1138516.36433021, -1138516.36433021, 127935
444444, 2.8, 64.8450176301975, 64.664209929891, 64.8621908776504, 8.89917821041308, -1138516.36433021, -1138516.36433021, 127935
44, 2.9, 64.6624796707979, 64.9679637013197, 64.9750646795345, 8.89917821041308, -1138516.36433021, -1138516.36433021, 127935
444, 2.9, 64.7437139507794, 64.8915073496802, 64.9631626753023, 8.89917821041308, -1138516.36433021, -1138516.36433021, 127935
4444, 2.9, 64.923056750594, 64.7599438332857, 64.8441426329812, 8.89917821041308, -1138516.36433021, -1138516.36433021, 127935
44444, 2.9, 64.8174847487398, 64.7103086693407, 64.9199422097693, 8.89917821041308, -1138516.36433021, -1138516.36433021, 127935
444444, 2.9, 65.0277647301975, 64.846957029891, 65.0449379776504, 8.89917821041308, -1138516.36433021, -1138516.36433021, 127935
44, 3, 64.845226770798, 65.1507108013197, 65.1578117795345, 8.89917821041308, -1138516.36433021, -1138516.36433021, 127935
444, 3, 64.9264610507794, 65.0742544496802, 65.1459097753023, 8.89917821041308, -1138516.36433021, -1138516.36433021, 127935
4444, 3, 65.105803850594, 64.9426909332857, 65.0268897329812, 8.89917821041308, -1138516.36433021, -1138516.36433021, 127935
44444, 3, 65.0002318487398, 64.8930557693407, 65.1026893097693, 8.89917821041308, -1138516.36433021, -1138516.36433021, 127935
444444, 3, 65.2105118301975, 65.029704129891, 65.2276850776504, 8.89917821041308, -1138516.36433021, -1138516.36433021, 127935
44, 3.1, 65.027973870798, 65.3334579013197, 65.3405588795345, 8.89917821041308, -1138516.36433021, -1138516.36433021, 127935
444, 3.1, 65.1092081507794, 65.2570015496802, 65.3286568753023, 8.89917821041308, -1138516.36433021, -1138516.36433021, 127935
4444, 3.1, 65.288550950594, 65.1254380332857, 65.2096368329812, 8.89917821041308, -1138516.36433021, -1138516.36433021, 127935
44444, 3.1, 65.1829789487398, 65.0758028693407, 65.2854364097693, 8.89917821041308, -1138516.36433021, -1138516.36433021, 127935
444444, 3.1, 65.3932589301975, 65.212451229891, 65.4104321776504, 8.89917821041308, -1138516.36433021, -1138516.36433021, 127935
44, 3.2, 65.210720970798, 65.5162050013197, 65.5233059795345, 8.89917821041308, -1138516.36433021, -1138516.36433021, 127935
444, 3.2, 65.2919552507794, 65.4397486496802, 65.5114039753023, 8.89917821041308, -1138516.36433021, -1138516.36433021, 127935
4444, 3.2, 65.471298050594, 65.3081851332857, 65.3923839329812, 8.89917821041308, -1138516.36433021, -1138516.36433021, 127935
44444, 3.2, 65.3657260487398, 65.2585499693407, 65.4681835097693, 8.89917821041308, -1138516.36433021, -1138516.36433021, 127935
444444, 3.2, 65.5760060301975, 65.395198329891, 65.5931792776504, 8.89917821041308, -1138516.36433021, -1138516.36433021, 127935
44, 3.3, 65.393468070798, 65.6989521013197, 65.7060530795345, 8.89917821041308, -1138516.36433021, -1138516.36433021, 127935
444, 3.3, 65.4747023507794, 65.6224957496802, 65.6941510753023, 8.89917821041308, -1138516.36433021, -1138516.36433021, 127935
4444, 3.3, 65.654045150594, 65.4909322332857, 65.5751310329812, 8.89917821041308, -1138516.36433021, -1138516.36433021, 127935
44444, 3.3, 65.5484731487398, 65.4412970693407, 65.6509306097693, 8.89917821041308, -1138516.36433021, -1138516.36433021, 127935
444444, 3.3, 65.7587531301975, 65.577945429891, 65.7759263776504, 8.89917821041308, -1138516.36433021, -1138516.36433021, 127935
44, 3.4, 65.5839876790794, 65.8588547410516, 65.8660308632898, 8.89917762042023, -1138516.3643308, -1138516.36433021, 127935
444, 3.4, 65.6574494507794, 65.8052428496802, 65.8768981753023, 8.8991782204248, -1138516.3643302, -1138516.36433021, 127935
4444, 3.4, 65.836792250594, 65.6736793332857, 65.7578781329812, 8.89917821041308, -1138516.36433021, -1138516.36433021, 127935
44444, 3.4, 65.7312202487398, 65.6240441693407, 65.8336777097693, 8.89917821041308, -1138516.36433021, -1138516.36433021, 127935
444444, 3.4, 65.8897981088323, 65.783326041053, 65.907394334839, 8.89917855034582, -1138516.36432987, -1138516.36433021, 127935
44, 3.5, 65.8324700320664, 65.9059934975216, 65.9136635331973, 8.89917868049815, -1138516.36432974, -1138516.36433021, 127935
444, 3.5, 65.8933963805992, 65.8778403779334, 65.9526461848541, 8.89917788049206, -1138516.36433054, -1138516.36433021, 127935
4444, 3.5, 65.962049343567, 65.8849861949436, 65.8811923037367, 8.89917838037945, -1138516.36433004, -1138516.36433021, 127935
44444, 3.5, 65.857473875167, 65.8324430814536, 65.9626822608337, 8.89917849050835, -1138516.36432993, -1138516.36433021, 127935
444444, 3.5, 65.9337712520665, 65.9434220689118, 65.9336825516613, 8.89917732053436, -1138516.3643311, -1138516.36433021, 127935
44, 3.6, 65.9397109761116, 65.936746880083, 65.9367384850959, 8.89917756034993, -1138516.36433086, -1138516.36433021, 127935
444, 3.6, 65.9442921381376, 65.9278752498993, 65.9279579733428, 8.89917705045082, -1138516.36433137, -1138516.36433021, 127935
4444, 3.6, 65.9277389135835, 65.9463839859673, 65.9276854071152, 8.89917710050941, -1138516.36433132, -1138516.36433021, 127935
44444, 3.6, 65.9325558036841, 65.9431069403285, 65.9324927125213, 8.8991771703586, -1138516.36433125, -1138516.36433021, 127935
444444, 3.6, 65.9387910903568, 65.938461526845, 65.9388024872148, 8.89917695033364, -1138516.36433147, -1138516.36433021, 127935
44, 3.7, 65.9386461625921, 65.9387171705561, 65.9387198634992, 8.89917732053436, -1138516.3643311, -1138516.36433021, 127935
444, 3.7, 65.9386438273212, 65.9387696247021, 65.9387845046923, 8.89917720039375, -1138516.36433122, -1138516.36433021, 127935
4444, 3.7, 65.9391782357055, 65.9390367300994, 65.9391404756644, 8.89917706046253, -1138516.36433136, -1138516.36433021, 127935
44444, 3.7, 65.9389167525351, 65.9387237877475, 65.9389667495925, 8.89917697035708, -1138516.36433145, -1138516.36433021, 127935
444444, 3.7, 65.9382809247951, 65.9381317437335, 65.9382980552291, 8.89917772053741, -1138516.3643307, -1138516.36433021, 127935
44, 3.8, 65.9379583195315, 65.938214765961, 65.9382184278766, 8.89917808049358, -1138516.36433034, -1138516.36433021, 127935
444, 3.8, 65.9376106702451, 65.937766017225, 65.9378135370073, 8.89917799038813, -1138516.36433043, -1138516.36433021, 127935
4444, 3.8, 65.9379629106436, 65.9378215799624, 65.9379068585606, 8.89917788049206, -1138516.36433054, -1138516.36433021, 127935
44444, 3.8, 65.9380357331907, 65.9379373500263, 65.9381196734456, 8.8991777903866, -1138516.36433063, -1138516.36433021, 127935
444444, 3.8, 65.9372650291861, 65.9369340194437, 65.937280250693, 8.89917817036621, -1138516.36433025, -1138516.36433021, 127935
44, 3.9, 65.9369809824565, 65.9372841340619, 65.9372870281036, 8.89917843043804, -1138516.36432999, -1138516.36433021, 127935
444, 3.9, 65.9367408015578, 65.9369164239974, 65.9369548655458, 8.89917828049511, -1138516.36433014, -1138516.36433021, 127935
4444, 3.9, 65.9372877171424, 65.9370200779914, 65.937212269781, 8.89917824044824, -1138516.36433018, -1138516.36433021, 127935
44444, 3.9, 65.9372175680141, 65.9372121668864, 65.937236311959, 8.89917825045995, -1138516.36433017, -1138516.36433021, 127935
444444, 3.9, 65.9114638260105, 65.9287031227486, 65.9104048850301, 8.89917796035297, -1138516.36433046, -1138516.36433021, 127935
44, 4, 65.9365923735311, 65.9365980495777, 65.9365981617546, 8.89917825045995, -1138516.36433017, -1138516.36433021, 127935
444, 4, 65.9367733464451, 65.9369965648039, 65.937050925451, 8.89917846047319, -1138516.36432996, -1138516.36433021, 127935
4444, 4, 65.9368111864119, 65.9366579978487, 65.9367742442449, 8.89917834033258, -1138516.36433008, -1138516.36433021, 127935
44444, 4, 65.9375047704464, 65.937375557206, 65.937612165708, 8.89917873032391, -1138516.36432969, -1138516.36433021, 127935
444444, 4, 65.9366386014351, 65.9365537494339, 65.9366410057989, 8.89917836035602, -1138516.36433006, -1138516.36433021, 127935
44, 4.1, 65.936577774001, 65.9369339527412, 65.9369388198572, 8.89917876035906, -1138516.36432966, -1138516.36433021, 127935
444, 4.1, 65.9365748779672, 65.9365970139555, 65.9365976082667, 8.8991783503443, -1138516.36433007, -1138516.36433021, 127935
4444, 4.1, 65.9367968114779, 65.9366407875222, 65.9367516299771, 8.89917834033258, -1138516.36433008, -1138516.36433021, 127935
44444, 4.1, 65.9366268441155, 65.9367488266224, 65.9366885366814, 8.8991783503443, -1138516.36433007, -1138516.36433021, 127935
444444, 4.1, 65.936595191493, 65.9365917400453, 65.9365964210732, 8.89917841041461, -1138516.36433001, -1138516.36433021, 127935
44, 4.2, 65.9365592131318, 65.9365891804182, 65.9365895864091, 8.89917841041461, -1138516.36433001, -1138516.36433021, 127935
444, 4.2, 65.936614122274, 65.9366801905707, 65.9367357406538, 8.89917837036774, -1138516.36433005, -1138516.36433021, 127935
4444, 4.2, 65.9365859729174, 65.9365437053298, 65.9365729051726, 8.89917864045128, -1138516.36432978, -1138516.36433021, 127935
44444, 4.2, 65.9366946961007, 65.9365572768698, 65.9367520519122, 8.89917859039269, -1138516.36432983, -1138516.36433021, 127935
444444, 4.2, 65.936605846972, 65.9365669901568, 65.9366076387066, 8.89917844044976, -1138516.36432998, -1138516.36433021, 127935
44, 4.3, 65.9365248544317, 65.9366073907062, 65.9366088368559, 8.89917854033411, -1138516.36432988, -1138516.36433021, 127935
444, 4.3, 65.9364706384368, 65.9366898640379, 65.9367567695706, 8.89917900040746, -1138516.36432942, -1138516.36433021, 127935
4444, 4.3, 65.9365939933707, 65.9365301213822, 65.9365735255349, 8.89917857036926, -1138516.36432985, -1138516.36433021, 127935
44444, 4.3, 65.9365897743327, 65.936582791158, 65.9365966776834, 8.89917837036774, -1138516.36433005, -1138516.36433021, 127935
444444, 4.3, 65.9366451696175, 65.9365065797087, 65.9366507860218, 8.89917851053178, -1138516.36432991, -1138516.36433021, 127935
44, 4.4, 65.9363110119435, 65.9365950583141, 65.936597054727, 8.89917903044261, -1138516.36432939, -1138516.36433021, 127935
444, 4.4, 65.9365083435573, 65.936668128236, 65.936685776881, 8.89917840040289, -1138516.36433002, -1138516.36433021, 127935
4444, 4.4, 65.9366461590806, 65.9365189169857, 65.9366124755267, 8.89917856035754, -1138516.36432986, -1138516.36433021, 127935
44444, 4.4, 65.936586574751, 65.9365166829622, 65.9366168479165, 8.89917854033411, -1138516.36432988, -1138516.36433021, 127935
444444, 4.4, 65.936680808322, 65.9363909916282, 65.93669650156, 8.89917888049968, -1138516.36432954, -1138516.36433021, 127935
44, 4.5, 65.9367240902561, 65.936715738477, 65.9367159446665, 8.89917815034278, -1138516.36433027, -1138516.36433021, 127935
444, 4.5, 65.939047938143, 65.9312445461795, 65.9313017333288, 8.8991787803825, -1138516.36432964, -1138516.36433021, 127935
4444, 4.5, 65.9366923448467, 65.9365539148063, 65.9366796582494, 8.89917839039117, -1138516.36433003, -1138516.36433021, 127935
44444, 4.5, 65.9366060708554, 65.9364877799944, 65.9366875869867, 8.89917877037078, -1138516.36432965, -1138516.36433021, 127935
444444, 4.5, 65.9367260326347, 65.9366700787838, 65.9367305610949, 8.89917823043652, -1138516.36433019, -1138516.36433021, 127935
44, 4.6, 65.9365944807438, 65.9367298310645, 65.9367353062772, 8.89917829050682, -1138516.36433013, -1138516.36433021, 127935
444, 4.6, 67.4349840514191, 67.7961826575012, 69.5047017647138, 14.8965195303317, -1138510.36698889, -1138516.36433021, 127935
4444, 4.6, 67.979757450594, 67.9113106813098, 67.946642858269, -1871873918.55734, -1873012443.82085, -1138516.36433021, 127935
44444, 4.6, 65.9366464761412, 65.9364990004619, 65.936692062582, 8.89917848049663, -1138516.36432994, -1138516.36433021, 127935
444444, 4.6, 68.3939407608665, 68.393926745965, 68.3939153080693, 14.3492710504215, -1138510.91423737, -1138516.36433021, 127935
44, 4.7, 68.3939403225068, 68.3939602511512, 68.3939537678268, 14.3492709505372, -1138510.91423747, -1138516.36433021, 127935
444, 4.7, 68.3939100293057, 68.3939260561125, 68.3939071526789, 14.3492709605489, -1138510.91423746, -1138516.36433021, 127935
4444, 4.7, 68.3939512288619, 68.3939407974126, 68.39393647245, 14.3492708704434, -1138510.91423755, -1138516.36433021, 127935
44444, 4.7, 68.3939623972997, 68.3938838161408, 68.3939591606492, 14.3492711505387, -1138510.91423727, -1138516.36433021, 127935
444444, 4.7, 68.3939200710433, 68.3939560277919, 68.3939603894718, 14.3492709004786, -1138510.91423752, -1138516.36433021, 127935
44, 4.8, 68.3938894774518, 68.3939100557431, 68.3939091964889, 14.3492711004801, -1138510.91423732, -1138516.36433021, 127935
444, 4.8, 68.3939224684567, 68.3939025115063, 68.3939012387868, 14.3492711505387, -1138510.91423727, -1138516.36433021, 127935
4444, 4.8, 68.3939476127566, 68.393923893736, 68.3939043294675, 14.3492709505372, -1138510.91423747, -1138516.36433021, 127935
44444, 4.8, 68.3939356711782, 68.393942096601, 68.393946541433, 14.3492709703278, -1138510.91423745, -1138516.36433021, 127935
444444, 4.8, 68.3939247926538, 68.3939492564455, 68.3939195640406, 14.349270920502, -1138510.9142375, -1138516.36433021, 127935
44, 4.9, 68.3939178798975, 68.3939234513884, 68.3939244904334, 14.3492709505372, -1138510.91423747, -1138516.36433021, 127935
444, 4.9, 68.3939223494234, 68.3939130559762, 68.3939171422094, 14.3492708404083, -1138510.91423758, -1138516.36433021, 127935
4444, 4.9, 68.3939383358813, 68.3938967635022, 68.3939027802762, 14.3492709703278, -1138510.91423745, -1138516.36433021, 127935
44444, 4.9, 68.3939477477184, 68.3939394579248, 68.3939078685803, 14.3492711903527, -1138510.91423723, -1138516.36433021, 127935
444444, 4.9, 68.3939373236942, 68.3939354333094, 68.3939311718321, 14.3492709703278, -1138510.91423745, -1138516.36433021, 127935
44, 5, 68.393911064778, 68.3939157220197, 68.3939139502391, 14.349271070445, -1138510.91423735, -1138516.36433021, 127935
444, 5, 68.3939453187681, 68.3939398889641, 68.3939315853173, 14.3492708904669, -1138510.91423753, -1138516.36433021, 127935
4444, 5, 68.3939657227777, 68.3939413234018, 68.3939417274606, 14.3492710303981, -1138510.91423739, -1138516.36433021, 127935
44444, 5, 68.3939622250768, 68.3939493018281, 68.3939716342956, 14.3492710103747, -1138510.91423741, -1138516.36433021, 127935
444444, 5, 68.3939502485934, 68.3939421866142, 68.3939546055253, 14.349270920502, -1138510.9142375, -1138516.36433021, 127935
44, 5.1, 68.3939017885062, 68.3938972460975, 68.3938982646519, 14.3492709803395, -1138510.91423744, -1138516.36433021, 127935
444, 5.1, 68.3939896473422, 68.3939143936783, 68.3939696211247, 14.3492711505387, -1138510.91423727, -1138516.36433021, 127935
4444, 5.1, 68.3939750386279, 68.3939440670422, 68.3939540646315, 14.3492710604332, -1138510.91423736, -1138516.36433021, 127935
44444, 5.1, 68.3938983353376, 68.3938665621008, 68.3938921943386, 14.3492710504215, -1138510.91423737, -1138516.36433021, 127935
444444, 5.1, 68.393915106683, 68.3939170196866, 68.3939185309679, 14.3492708303966, -1138510.91423759, -1138516.36433021, 127935
44, 5.2, 68.3939213444558, 68.3939283094019, 68.3939335904153, 14.3492710604332, -1138510.91423736, -1138516.36433021, 127935
444, 5.2, 68.3939396377022, 68.3939305156262, 68.3939226033284, 14.3492711703293, -1138510.91423725, -1138516.36433021, 127935
4444, 5.2, 68.3939363199868, 68.3939177759656, 68.3939304472416, 14.3492710103747, -1138510.91423741, -1138516.36433021, 127935
44444, 5.2, 68.3939670395315, 68.3939744598168, 68.3939732338468, 14.3492713004816, -1138510.91423712, -1138516.36433021, 127935
444444, 5.2, 68.393946531805, 68.3939557436482, 68.3939628590457, 14.3492710804567, -1138510.91423734, -1138516.36433021, 127935
44, 5.3, 68.3939449986672, 68.393930387942, 68.3939321854241, 14.3492712003645, -1138510.91423722, -1138516.36433021, 127935
444, 5.3, 68.3939124833175, 68.3939409812209, 68.3939183794993, 14.3492709803395, -1138510.91423744, -1138516.36433021, 127935
4444, 5.3, 68.3939160431706, 68.3938994495501, 68.3939107280133, 14.3492708904669, -1138510.91423753, -1138516.36433021, 127935
44444, 5.3, 68.3939511782737, 68.3939529501217, 68.3939457639578, 14.3492710804567, -1138510.91423734, -1138516.36433021, 127935
444444, 5.3, 68.3939214973871, 68.3939072300467, 68.3939286191132, 14.3492710904684, -1138510.91423733, -1138516.36433021, 127935
44, 5.4, 68.3939627649323, 68.393931839892, 68.3939198336727, 14.3492713104934, -1138510.91423711, -1138516.36433021, 127935
444, 5.4, 68.3939410231096, 68.3939484354859, 68.3939396113886, 14.3492710604332, -1138510.91423736, -1138516.36433021, 127935
4444, 5.4, 68.3939680644507, 68.3939592003262, 68.3939621840988, 14.349271070445, -1138510.91423735, -1138516.36433021, 127935
44444, 5.4, 68.3939322738768, 68.393928053366, 68.3939328045103, 14.3492709605489, -1138510.91423746, -1138516.36433021, 127935
444444, 5.4, 69.5872270368913, 67.984314079212, 70.4297710790269, 15.0696391204838, -1138510.1938693, -1138516.36433021, 127935
44, 5.5, 67.9843079008962, 69.5872289238229, 70.4297764199519, 15.0696390604135, -1138510.19386936, -1138516.36433021, 127935
444, 5.5, 68.8157825106103, 69.551238650387, 71.1674040881436, 14.9428644003347, -1138510.32064402, -1138516.36433021, 127935
4444, 5.5, 71.1674201623189, 68.8157055585703, 69.5512458773555, 14.9428644403815, -1138510.32064398, -1138516.36433021, 127935
44444, 5.5, 69.5872252929784, 67.9843102456412, 70.4298269879729, 15.0696391104721, -1138510.19386931, -1138516.36433021, 127935
444444, 5.5, 70.3293636145766, 69.6044847544735, 71.119947750939, 14.9429024904966, -1138510.32060593, -1138516.36433021, 127935
44, 5.6, 69.6044907895864, 70.3293310561071, 71.1199533360821, 14.9429025703575, -1138510.32060585, -1138516.36433021, 127935
444, 5.6, 69.6044868512565, 70.3293578836913, 71.1199491348894, 14.9429023405537, -1138510.32060608, -1138516.36433021, 127935
4444, 5.6, 71.1199396976324, 69.6044943106061, 70.3293870686784, 14.9429027903825, -1138510.32060563, -1138516.36433021, 127935
44444, 5.6, 70.3293583784872, 69.6044859867134, 71.1199444393924, 14.942902590381, -1138510.32060583, -1138516.36433021, 127935
444444, 5.6, 70.3293948075117, 69.6044792044096, 71.1199427334749, 14.9429023803677, -1138510.32060604, -1138516.36433021, 127935
44, 5.7, 69.6044873929709, 70.3293629255036, 71.1199512626306, 14.9429024204146, -1138510.320606, -1138516.36433021, 127935
444, 5.7, 69.6044908638456, 70.3293680887868, 71.1199478667194, 14.942902590381, -1138510.32060583, -1138516.36433021, 127935
4444, 5.7, 70.4481914965532, 69.9751492396875, 69.9751568480342, 15.1730726703536, -1138510.09043575, -1138516.36433021, 127935
44444, 5.7, 70.3293585437289, 69.604488793661, 71.1199470309538, 14.9429023405537, -1138510.32060608, -1138516.36433021, 127935
444444, 5.7, 70.3293504721038, 69.6044885022867, 71.1199492915156, 14.9429024504498, -1138510.32060597, -1138516.36433021, 127935
44, 5.8, 69.604490006822, 70.3293922602758, 71.1199550168247, 14.9429025603458, -1138510.32060586, -1138516.36433021, 127935
444, 5.8, 69.6044890662015, 70.329365049998, 71.11994572406, 14.9429023903795, -1138510.32060603, -1138516.36433021, 127935
4444, 5.8, 71.1199451428383, 70.3294367994606, 69.6044836070693, 14.9429025305435, -1138510.32060589, -1138516.36433021, 127935
44444, 5.8, 70.3294270059691, 69.6044921385622, 71.1199425810374, 14.9429025603458, -1138510.32060586, -1138516.36433021, 127935
444444, 5.8, 70.3293691012262, 69.6044939733869, 71.1199529857134, 14.9429025603458, -1138510.32060586, -1138516.36433021, 127935
44, 5.9, 69.6044853390868, 70.329403272253, 71.1199520184251, 14.9429023205303, -1138510.3206061, -1138516.36433021, 127935
444, 5.9, 69.6044959815306, 70.3293858484105, 71.1199560385895, 14.9429026504513, -1138510.32060577, -1138516.36433021, 127935
4444, 5.9, 71.1199420127877, 69.6044874822994, 70.3294355929482, 14.942902440438, -1138510.32060598, -1138516.36433021, 127935
44444, 5.9, 70.3293997094825, 69.6044853622909, 71.1199462368734, 14.9429024104029, -1138510.32060601, -1138516.36433021, 127935
444444, 5.9, 70.3293640567295, 69.604498449504, 71.1199534890928, 14.9429025503341, -1138510.32060587, -1138516.36433021, 127935
44, 6, 69.6044916402853, 70.3293523902001, 71.1199583622014, 14.9429025105201, -1138510.32060591, -1138516.36433021, 127935
444, 6, 69.6044947765456, 70.3294691693099, 71.1199517354874, 14.9429030003957, -1138510.32060542, -1138516.36433021, 127935
4444, 6, 71.1199555575804, 69.6045028154043, 70.329376807056, 14.9429028904997, -1138510.32060553, -1138516.36433021, 127935
44444, 6, 70.3294084599321, 69.6044885608717, 71.1199479563305, 14.9429024003912, -1138510.32060602, -1138516.36433021, 127935
444444, 6, 70.3293569042938, 69.6044925582488, 71.1199545822906, 14.942902440438, -1138510.32060598, -1138516.36433021, 127935
44, 6.1, 69.6044910566216, 70.3293640636971, 71.1199488825346, 14.9429025005084, -1138510.32060592, -1138516.36433021, 127935
444, 6.1, 69.6044896273934, 70.32935281983, 71.1199497562867, 14.9429024704732, -1138510.32060595, -1138516.36433021, 127935
4444, 6.1, 71.1199605147534, 69.6044990170712, 70.3293488274392, 14.942902730545, -1138510.32060569, -1138516.36433021, 127935
44444, 6.1, 70.3293510547357, 69.6045011982497, 71.1199559530182, 14.9429028003942, -1138510.32060562, -1138516.36433021, 127935
444444, 6.1, 70.3293455731857, 69.6045013316454, 71.119961828029, 14.9429026504513, -1138510.32060577, -1138516.36433021, 127935
44, 6.2, 69.6044956857161, 70.3293850236356, 71.1199624652358, 14.9429024003912, -1138510.32060602, -1138516.36433021, 127935
444, 6.2, 69.6045007450468, 70.3294310476842, 71.1199597495611, 14.9429027603474, -1138510.32060566, -1138516.36433021, 127935
4444, 6.2, 71.1199544348319, 69.6044982833503, 70.3293623660982, 14.9429024204146, -1138510.320606, -1138516.36433021, 127935
44444, 6.2, 70.3293636793077, 69.6045012762415, 71.1199612201433, 14.942902440438, -1138510.32060598, -1138516.36433021, 127935
444444, 6.2, 70.3293745265674, 69.6044972778872, 71.1199627413113, 14.9429024304263, -1138510.32060599, -1138516.36433021, 127935
44, 6.3, 69.6045035679195, 70.329367011528, 71.1199589353878, 14.9429026204161, -1138510.3206058, -1138516.36433021, 127935
444, 6.3, 69.6044971983364, 70.3294313563307, 71.1199573176396, 14.9429024904966, -1138510.32060593, -1138516.36433021, 127935
4444, 6.3, 71.1199547286029, 69.6044939032107, 70.3293959926371, 14.9429023603443, -1138510.32060606, -1138516.36433021, 127935
44444, 6.3, 70.3293603080384, 69.6045020889825, 71.1199564808947, 14.9429024204146, -1138510.320606, -1138516.36433021, 127935
444444, 6.3, 71.1897690799685, 69.5865202605338, 71.9697608046977, 15.029367810348, -1138510.23414061, -1138516.36433021, 127935
44, 6.4, 71.1976144911684, 71.9681327271947, 72.7515543479772, 15.0168355703354, -1138510.24667285, -1138516.36433021, 127935
444, 6.4, 71.1976261360775, 71.9680635278755, 72.7515639288082, 15.016835470451, -1138510.24667295, -1138516.36433021, 127935
4444, 6.4, 72.7515621693275, 71.1976207200601, 71.9681186849518, 15.0168354604393, -1138510.24667296, -1138516.36433021, 127935
44444, 6.4, 71.1696157985039, 70.3938838729956, 72.773690436656, 15.0136317303404, -1138510.24987669, -1138516.36433021, 127935
444444, 6.4, 71.968094316156, 71.1976174976083, 72.7515424504307, 15.0168358003721, -1138510.24667262, -1138516.36433021, 127935
44, 6.5, 71.1976240530393, 71.9681176492049, 72.7515621371238, 15.0168356704526, -1138510.24667275, -1138516.36433021, 127935
444, 6.5, 71.1976302312672, 71.9680862417183, 72.7515506213481, 15.0168357405346, -1138510.24667268, -1138516.36433021, 127935
4444, 6.5, 72.7515608070691, 71.1976237670318, 71.968106451595, 15.0168353104964, -1138510.24667311, -1138516.36433021, 127935
44444, 6.5, 71.9680740780437, 71.1976194352123, 72.7515578463225, 15.0168356604408, -1138510.24667276, -1138516.36433021, 127935
444444, 6.5, 71.9681239418459, 71.1976205247718, 72.7515660330253, 15.0168353104964, -1138510.24667311, -1138516.36433021, 127935
44, 6.6, 71.1976232792603, 71.9680688493165, 72.7515682283923, 15.0168353803456, -1138510.24667304, -1138516.36433021, 127935
444, 6.6, 71.1976274712817, 71.9680893995406, 72.7515614244756, 15.0168356304057, -1138510.24667279, -1138516.36433021, 127935
4444, 6.6, 72.751564994714, 71.1976255319992, 71.9681103964217, 15.0168354304042, -1138510.24667299, -1138516.36433021, 127935
44444, 6.6, 71.9680850329614, 71.1976219925553, 72.751569606569, 15.0168352604378, -1138510.24667316, -1138516.36433021, 127935
444444, 6.6, 71.9681256420464, 71.1976348552424, 72.7515571463085, 15.0168355803471, -1138510.24667284, -1138516.36433021, 127935
44, 6.7, 71.1976186220156, 71.9681408228605, 72.7515616430481, 15.016835620394, -1138510.2466728, -1138516.36433021, 127935
444, 6.7, 71.1976309352837, 71.9681102921418, 72.7515710960184, 15.0168355104979, -1138510.24667291, -1138516.36433021, 127935
4444, 6.7, 72.7515689023275, 71.1976273799849, 71.9681106833956, 15.0168353004847, -1138510.24667312, -1138516.36433021, 127935
44444, 6.7, 71.9680790287544, 71.1976345391545, 72.7515676860667, 15.0168355104979, -1138510.24667291, -1138516.36433021, 127935
444444, 6.7, 71.9681259594654, 71.1976353207924, 72.751563462163, 15.0168355104979, -1138510.24667291, -1138516.36433021, 127935
44, 6.8, 71.1976334925292, 71.9681232601019, 72.7515606520965, 15.0168355104979, -1138510.24667291, -1138516.36433021, 127935
444, 6.8, 71.1976319563784, 71.9681576058885, 72.7515607892527, 15.0168356304057, -1138510.24667279, -1138516.36433021, 127935
4444, 6.8, 72.7515668964791, 71.1976309840931, 71.9680788469701, 15.0168355305213, -1138510.24667289, -1138516.36433021, 127935
44444, 6.8, 71.9681013675565, 71.1976397642494, 72.7515673534874, 15.0168356804643, -1138510.24667274, -1138516.36433021, 127935
444444, 6.8, 71.9680795297389, 71.1976372652657, 72.7515664891872, 15.0168359405361, -1138510.24667248, -1138516.36433021, 127935
44, 6.9, 71.1976319755223, 71.9681391449699, 72.7515733891448, 15.0168355703354, -1138510.24667285, -1138516.36433021, 127935
444, 6.9, 71.1976348552955, 71.9681255928838, 72.7515667232226, 15.0168358704541, -1138510.24667255, -1138516.36433021, 127935
4444, 6.9, 72.7515751330066, 71.1976478089682, 71.9680939539454, 15.0168357603252, -1138510.24667266, -1138516.36433021, 127935
44444, 6.9, 71.9681194711436, 71.1976393813746, 72.7515682362718, 15.016835620394, -1138510.2466728, -1138516.36433021, 127935
444444, 6.9, 71.9680839042391, 71.1976372229628, 72.7515737921338, 15.0168353903573, -1138510.24667303, -1138516.36433021, 127935
44, 7, 71.1976427960718, 71.9681227119469, 72.7515758875336, 15.0168355703354, -1138510.24667285, -1138516.36433021, 127935
444, 7, 71.1976409788534, 71.9681512662144, 72.7515722317541, 15.0168356604408, -1138510.24667276, -1138516.36433021, 127935
4444, 7, 72.7515783087733, 71.1976382800919, 71.9681412516911, 15.0168356304057, -1138510.24667279, -1138516.36433021, 127935
44444, 7, 71.9680956258055, 71.1976381282372, 72.7515774677428, 15.0168354304042, -1138510.24667299, -1138516.36433021, 127935
444444, 7, 71.9681795036999, 71.1976383676275, 72.7515739791722, 15.016835910501, -1138510.24667251, -1138516.36433021, 127935
44, 7.1, 71.1976365724154, 71.9680663411955, 72.7515866249812, 15.0168354404159, -1138510.24667298, -1138516.36433021, 127935
444, 7.1, 71.1976457964655, 71.9681740739952, 72.7515745789582, 15.0168357603252, -1138510.24667266, -1138516.36433021, 127935
4444, 7.1, 72.7515764570595, 71.1976454930383, 71.9681241842516, 15.0168355505448, -1138510.24667287, -1138516.36433021, 127935
44444, 7.1, 71.9681194317427, 71.197646576298, 72.7515726033969, 15.0168358003721, -1138510.24667262, -1138516.36433021, 127935
444444, 7.1, 71.9681476135689, 71.1976407203414, 72.7515779248676, 15.016835690476, -1138510.24667273, -1138516.36433021, 127935
44, 7.2, 71.1860146944725, 72.7811119300496, 73.564854557948, 15.0372378805187, -1138510.22627054, -1138516.36433021, 127935
444, 7.2, 71.1860173638598, 72.7811191118754, 73.5647746509611, 15.0372379105538, -1138510.22627051, -1138516.36433021, 127935
4444, 7.2, 72.7515833048927, 71.1976390803539, 71.9681227164282, 15.0168356704526, -1138510.24667275, -1138516.36433021, 127935
44444, 7.2, 71.968139552199, 71.1976561292442, 72.7515763492049, 15.0168356804643, -1138510.24667274, -1138516.36433021, 127935
444444, 7.2, 73.566892968092, 72.7846589881248, 74.3523081671298, 15.0340563703794, -1138510.22945205, -1138516.36433021, 127935
44, 7.3, 72.7846574085382, 73.5669463912881, 74.3523056699848, 15.0340565105435, -1138510.22945191, -1138516.36433021, 127935
444, 7.3, 72.7846628156698, 73.5668928160592, 74.3522990337193, 15.0340565603692, -1138510.22945186, -1138516.36433021, 127935
4444, 7.3, 74.3523008579157, 72.7846632910412, 73.5668767534954, 15.0340565303341, -1138510.22945189, -1138516.36433021, 127935
44444, 7.3, 73.5669280499154, 72.7846590647466, 74.3523071963982, 15.0340563803911, -1138510.22945204, -1138516.36433021, 127935
444444, 7.3, 73.5669378869591, 72.7846660115874, 74.3523062958378, 15.0340565303341, -1138510.22945189, -1138516.36433021, 127935
44, 7.4, 72.7846628828957, 73.5669083221315, 74.3523063718889, 15.0340567303356, -1138510.22945169, -1138516.36433021, 127935
444, 7.4, 72.7846684612322, 73.5669085302074, 74.3523099810003, 15.0340563105419, -1138510.22945211, -1138516.36433021, 127935
4444, 7.4, 74.3523081902431, 72.7846663493046, 73.5668802951028, 15.0340565403458, -1138510.22945188, -1138516.36433021, 127935
44444, 7.4, 73.5668744915925, 72.7846634676477, 74.3523085015564, 15.0340564404614, -1138510.22945198, -1138516.36433021, 127935
444444, 7.4, 73.5668738858208, 72.7846697212636, 74.3523137566132, 15.0340563205536, -1138510.2294521, -1138516.36433021, 127935
44, 7.5, 72.7846693771118, 73.5668964167719, 74.3523192540631, 15.0340563904028, -1138510.22945203, -1138516.36433021, 127935
444, 7.5, 72.7846752664349, 73.5668793823593, 74.3523122869155, 15.0340565105435, -1138510.22945191, -1138516.36433021, 127935
4444, 7.5, 74.3523073519492, 72.7846726901899, 73.5669292767648, 15.0340566304512, -1138510.22945179, -1138516.36433021, 127935
44444, 7.5, 73.5668928932334, 72.7846709278208, 74.3523132471479, 15.0340563703794, -1138510.22945205, -1138516.36433021, 127935
444444, 7.5, 73.5669375686097, 72.784673243769, 74.3523169215381, 15.0340564304497, -1138510.22945199, -1138516.36433021, 127935
44, 7.6, 72.7846704701772, 73.566905230225, 74.3523191992041, 15.0340562905185, -1138510.22945213, -1138516.36433021, 127935
444, 7.6, 72.784677476639, 73.5669152489533, 74.3523166893676, 15.034056420438, -1138510.229452, -1138516.36433021, 127935
4444, 7.6, 74.3523098385056, 72.7846818749525, 73.5669393919059, 15.0340567603707, -1138510.22945166, -1138516.36433021, 127935
44444, 7.6, 73.5669042252745, 72.7846748177308, 74.352310287641, 15.0340565005317, -1138510.22945192, -1138516.36433021, 127935
444444, 7.6, 73.5668882743514, 72.7846723683195, 74.3523211695674, 15.0340563005302, -1138510.22945212, -1138516.36433021, 127935
44, 7.7, 72.7846711493476, 73.5668920208801, 74.352323271598, 15.0340563803911, -1138510.22945204, -1138516.36433021, 127935
444, 7.7, 72.7846745750034, 73.5668938502292, 74.352322094617, 15.0340564004146, -1138510.22945202, -1138516.36433021, 127935
4444, 7.7, 74.3523181154512, 72.7846743303746, 73.5669093412558, 15.034056350356, -1138510.22945207, -1138516.36433021, 127935
44444, 7.7, 73.5669124369575, 72.7846782449634, 74.352315182684, 15.0340565503575, -1138510.22945187, -1138516.36433021, 127935
444444, 7.7, 73.5669564436855, 72.7846772770429, 74.3523232284846, 15.0340564704966, -1138510.22945195, -1138516.36433021, 127935
44, 7.8, 72.7846737722458, 73.5668835401586, 74.3523277204613, 15.0340563603677, -1138510.22945206, -1138516.36433021, 127935
444, 7.8, 72.7846813937674, 73.5669489258759, 74.3523254493222, 15.0340564805083, -1138510.22945194, -1138516.36433021, 127935
4444, 7.8, 74.3523252442494, 72.7846826670354, 73.5669356438152, 15.03405649052, -1138510.22945193, -1138516.36433021, 127935
44444, 7.8, 73.5668940394702, 72.7846903764888, 74.3523195274876, 15.0340566304512, -1138510.22945179, -1138516.36433021, 127935
444444, 7.8, 73.5669533498798, 72.7846808410058, 74.3523319716252, 15.0340564704966, -1138510.22945195, -1138516.36433021, 127935
44, 7.9, 72.7846770671107, 73.5669092931426, 74.3523271995118, 15.0340564604849, -1138510.22945196, -1138516.36433021, 127935
444, 7.9, 72.7846912086502, 73.5669511186304, 74.3523252013124, 15.034056750359, -1138510.22945167, -1138516.36433021, 127935
4444, 7.9, 74.3523250907194, 72.7846826483391, 73.5669446058765, 15.0340565503575, -1138510.22945187, -1138516.36433021, 127935
44444, 7.9, 73.5669066669615, 72.7846870778426, 74.3523293173027, 15.0340566604864, -1138510.22945176, -1138516.36433021, 127935
444444, 7.9, 73.5669568914246, 72.7846831725269, 74.3523243567382, 15.0340565005317, -1138510.22945192, -1138516.36433021, 127935
44, 8, 72.7846775772777, 73.566971765416, 74.3523310358775, 15.0340566304512, -1138510.22945179, -1138516.36433021, 127935
444, 8, 72.7846873381783, 73.5668851258436, 74.3523322050717, 15.0340563803911, -1138510.22945204, -1138516.36433021, 127935
4444, 8, 74.3523325603932, 72.7846857813679, 73.566947293188, 15.0340564805083, -1138510.22945194, -1138516.36433021, 127935
44444, 8, 73.5669114132309, 72.7846853904134, 74.3523363695955, 15.034056420438, -1138510.229452, -1138516.36433021, 127935
444444, 8, 73.5668962656673, 72.7846802154736, 74.352329607489, 15.0340563703794, -1138510.22945205, -1138516.36433021, 127935
44, 8.1, 72.7773180961706, 74.3676824924767, 75.1537920005351, 15.0407291403972, -1138510.22277928, -1138516.36433021, 127935
444, 8.1, 72.7773087584604, 74.3676857465037, 75.1538227176878, 15.0407289003488, -1138510.22277952, -1138516.36433021, 127935
4444, 8.1, 75.1537829443265, 72.777311052459, 74.3676784163149, 15.0407289403956, -1138510.22277948, -1138516.36433021, 127935
44444, 8.1, 74.3676840030324, 72.7773189438929, 75.1538331916328, 15.0407293604221, -1138510.22277906, -1138516.36433021, 127935
444444, 8.1, 75.1561680740678, 74.3697807307979, 75.9433773779345, 15.0396206404548, -1138510.22388778, -1138516.36433021, 127935
44, 8.2, 74.3697738428964, 75.1560736527071, 75.9433626575935, 15.0396211703774, -1138510.22388725, -1138516.36433021, 127935
444, 8.2, 74.3697800688278, 75.1560777651458, 75.9433682451562, 15.0396208004095, -1138510.22388762, -1138516.36433021, 127935
4444, 8.2, 75.9433857507751, 74.3697854709155, 75.1560875630699, 15.0396205403376, -1138510.22388788, -1138516.36433021, 127935
44444, 8.2, 75.1561020583811, 74.3697849896191, 75.9433744277206, 15.0396206404548, -1138510.22388778, -1138516.36433021, 127935
444444, 8.2, 75.1561659385711, 74.3697885263759, 75.9433813249931, 15.0396206104197, -1138510.22388781, -1138516.36433021, 127935
44, 8.3, 74.3697910320113, 75.1561707714541, 75.9433788117878, 15.0396207903977, -1138510.22388763, -1138516.36433021, 127935
444, 8.3, 74.3697883080234, 75.1561530847228, 75.9433798908565, 15.0396205703728, -1138510.22388785, -1138516.36433021, 127935
4444, 8.3, 75.9433854628347, 74.3697829374972, 75.1561503015562, 15.0396211904008, -1138510.22388723, -1138516.36433021, 127935
44444, 8.3, 75.156125406945, 74.3697913117401, 75.9433780471928, 15.0396206604782, -1138510.22388776, -1138516.36433021, 127935
444444, 8.3, 75.1561701830928, 74.3697864764695, 75.9433775841927, 15.0396206404548, -1138510.22388778, -1138516.36433021, 127935
44, 8.4, 74.3697845699294, 75.156119129475, 75.9433922911553, 15.0396204805002, -1138510.22388794, -1138516.36433021, 127935
444, 8.4, 74.3697915415974, 75.156117656823, 75.9433908568416, 15.0396204704884, -1138510.22388795, -1138516.36433021, 127935
4444, 8.4, 75.9433873769891, 74.3697943429295, 75.156111725745, 15.0396206104197, -1138510.22388781, -1138516.36433021, 127935
44444, 8.4, 75.1561324066563, 74.3697889126552, 75.9433897899721, 15.039620450465, -1138510.22388797, -1138516.36433021, 127935
444444, 8.4, 75.1561330687252, 74.369793820862, 75.943391382634, 15.0396204704884, -1138510.22388795, -1138516.36433021, 127935
44, 8.5, 74.3697935554202, 75.1561520382077, 75.9433897027455, 15.0396205803845, -1138510.22388784, -1138516.36433021, 127935
444, 8.5, 74.3698023467033, 75.1561551069668, 75.9433863921588, 15.0396206604782, -1138510.22388776, -1138516.36433021, 127935
4444, 8.5, 75.9433841539143, 74.3697966678339, 75.1561347345167, 15.0396208204329, -1138510.2238876, -1138516.36433021, 127935
44444, 8.5, 75.1561279586384, 74.3697975313672, 75.9433899201446, 15.0396206104197, -1138510.22388781, -1138516.36433021, 127935
444444, 8.5, 75.1561548621509, 74.3697942369902, 75.9433917018667, 15.0396205403376, -1138510.22388788, -1138516.36433021, 127935
44, 8.6, 74.369804746759, 75.1561704812694, 75.9433885116039, 15.0396208805032, -1138510.22388754, -1138516.36433021, 127935
444, 8.6, 74.3698037120004, 75.1561965401254, 75.9433939309539, 15.0396206304431, -1138510.22388779, -1138516.36433021, 127935
4444, 8.6, 75.9433937999792, 74.3697996285776, 75.1561515101921, 15.0396205603611, -1138510.22388786, -1138516.36433021, 127935
44444, 8.6, 75.1561354022085, 74.3697988135468, 75.9433909503585, 15.0396206104197, -1138510.22388781, -1138516.36433021, 127935
444444, 8.6, 75.1561237780953, 74.3697957849231, 75.9433998612831, 15.0396205105353, -1138510.22388791, -1138516.36433021, 127935
44, 8.7, 74.369793331873, 75.156105917497, 75.9434041790298, 15.0396205703728, -1138510.22388785, -1138516.36433021, 127935
444, 8.7, 74.3698091010621, 75.1561914357876, 75.9433958835807, 15.0396206805017, -1138510.22388774, -1138516.36433021, 127935
4444, 8.7, 75.9434036381986, 74.3698047783938, 75.1561514208264, 15.0396206504665, -1138510.22388777, -1138516.36433021, 127935
44444, 8.7, 75.1561638265588, 74.3698006761052, 75.9434000051642, 15.0396205403376, -1138510.22388788, -1138516.36433021, 127935
444444, 8.7, 75.1561696399774, 74.3698050935938, 75.9433923527966, 15.0396207903977, -1138510.22388763, -1138516.36433021, 127935
44, 8.8, 74.3698037318973, 75.156131164494, 75.943403475329, 15.0396204805002, -1138510.22388794, -1138516.36433021, 127935
444, 8.8, 74.3698026124092, 75.1561147927348, 75.9434000458582, 15.0396205403376, -1138510.22388788, -1138516.36433021, 127935
4444, 8.8, 75.9434027720675, 74.3698022749039, 75.1561668707541, 15.0396205303259, -1138510.22388789, -1138516.36433021, 127935
44444, 8.8, 75.1561586433732, 74.3698030608936, 75.943402752597, 15.0396206504665, -1138510.22388777, -1138516.36433021, 127935
444444, 8.8, 75.1561374891864, 74.3698028616041, 75.9434052329418, 15.0396205403376, -1138510.22388788, -1138516.36433021, 127935
44, 8.9, 74.3697898744866, 75.1561388777377, 75.9434042142653, 15.039620520547, -1138510.2238879, -1138516.36433021, 127935
444, 8.9, 74.3698062321922, 75.1562076020679, 75.9434068448295, 15.039620780386, -1138510.22388764, -1138516.36433021, 127935
4444, 8.9, 75.9434034788656, 74.3698096513501, 75.1561729279123, 15.0396208104212, -1138510.22388761, -1138516.36433021, 127935
44444, 8.9, 75.1560821288141, 74.3698278450979, 75.9434030083112, 15.0396210404579, -1138510.22388738, -1138516.36433021, 127935
444444, 8.9, 75.9525797042226, 74.364999466334, 76.7403075361849, 15.0423838505521, -1138510.22112457, -1138516.36433021, 127935
44, 9, 75.9539812067206, 76.742137978456, 77.5306580098266, 15.0418323404156, -1138510.22167608, -1138516.36433021, 127935
444, 9, 75.9539782720839, 76.7421399497602, 77.5306539551963, 15.0418323504273, -1138510.22167607, -1138516.36433021, 127935
4444, 9, 77.5348768326539, 75.1602292912602, 75.9482441306752, 15.0417303303257, -1138510.22177809, -1138516.36433021, 127935
44444, 9, 75.9482394214472, 75.1602596934094, 77.5348780726935, 15.0417305403389, -1138510.22177788, -1138516.36433021, 127935
444444, 9, 76.7421483873051, 75.9539858590612, 77.5306576293472, 15.0418323504273, -1138510.22167607, -1138516.36433021, 127935
44, 2, 63.017755770798, 63.3232398013197, 63.3303407795345, 8.89917821041308, -1138516.36433021, -1138516.36433021, 127935
444, 2, 63.0989900507794, 63.2467834496802, 63.3184387753023, 8.89917821041308, -1138516.36433021, -1138516.36433021, 127935
4444, 2, 63.278332850594, 63.1152199332857, 63.1994187329812, 8.89917821041308, -1138516.36433021, -1138516.36433021, 127935
44444, 2, 63.1727608487398, 63.0655847693407, 63.2752183097693, 8.89917821041308, -1138516.36433021, -1138516.36433021, 127935
444444, 2, 63.3830408301975, 63.202233129891, 63.4002140776504, 8.89917821041308, -1138516.36433021, -1138516.36433021, 127935
44, 2.1, 63.017755770798, 63.5470369513197, 63.5541379295345, 8.89917821041308, -1138516.36433021, -1138516.36433021, 127935
444, 2.1, 63.0989900507794, 63.4705805996802, 63.5422359253023, 8.89917821041308, -1138516.36433021, -1138516.36433021, 127935
4444, 2.1, 63.278332850594, 63.3390170832857, 63.4232158829812, 8.89917821041308, -1138516.36433021, -1138516.36433021, 127935
44444, 2.1, 63.1727608487398, 63.2893819193407, 63.4990154597693, 8.89917821041308, -1138516.36433021, -1138516.36433021, 127935
444444, 2.1, 63.3830408301975, 63.426030279891, 63.6240112276504, 8.89917821041308, -1138516.36433021, -1138516.36433021, 127935
44, 2.2, 63.017755770798, 63.7708341013197, 63.7779350795345, 8.89917821041308, -1138516.36433021, -1138516.36433021, 127935
444, 2.2, 63.0989900507794, 63.6943777496802, 63.7660330753024, 8.89917821041308, -1138516.36433021, -1138516.36433021, 127935
4444, 2.2, 63.278332850594, 63.5628142332857, 63.6470130329812, 8.89917821041308, -1138516.36433021, -1138516.36433021, 127935
44444, 2.2, 63.1727608487398, 63.5131790693407, 63.7228126097693, 8.89917821041308, -1138516.36433021, -1138516.36433021, 127935
444444, 2.2, 63.3830408301975, 63.649827429891, 63.8478083776504, 8.89917821041308, -1138516.36433021, -1138516.36433021, 127935
44, 2.3, 63.017755770798, 63.9946312513197, 64.0017322295345, 8.89917821041308, -1138516.36433021, -1138516.36433021, 127935
444, 2.3, 63.0989900507794, 63.9181748996802, 63.9898302253023, 8.89917821041308, -1138516.36433021, -1138516.36433021, 127935
4444, 2.3, 63.278332850594, 63.7866113832857, 63.8708101829812, 8.89917821041308, -1138516.36433021, -1138516.36433021, 127935
44444, 2.3, 63.1727608487398, 63.7369762193407, 63.9466097597693, 8.89917821041308, -1138516.36433021, -1138516.36433021, 127935
444444, 2.3, 63.3830408301975, 63.873624579891, 64.0716055276504, 8.89917821041308, -1138516.36433021, -1138516.36433021, 127935
44, 2.4, 63.017755770798, 64.2184284013197, 64.2255293795345, 8.89917821041308, -1138516.36433021, -1138516.36433021, 127935
444, 2.4, 63.0989900507794, 64.1419720496802, 64.2136273753024, 8.89917821041308, -1138516.36433021, -1138516.36433021, 127935
4444, 2.4, 63.278332850594, 64.0104085332857, 64.0946073329812, 8.89917821041308, -1138516.36433021, -1138516.36433021, 127935
44444, 2.4, 63.1727608487398, 63.9607733693407, 64.1704069097693, 8.89917821041308, -1138516.36433021, -1138516.36433021, 127935
444444, 2.4, 63.3830408301975, 64.097421729891, 64.2954026776504, 8.89917821041308, -1138516.36433021, -1138516.36433021, 127935
44, 2.5, 63.017755770798, 64.4422255513197, 64.4493265295345, 8.89917821041308, -1138516.36433021, -1138516.36433021, 127935
444, 2.5, 63.0989900507794, 64.3657691996802, 64.4374245253023, 8.89917821041308, -1138516.36433021, -1138516.36433021, 127935
4444, 2.5, 63.278332850594, 64.2342056832857, 64.3184044829812, 8.89917821041308, -1138516.36433021, -1138516.36433021, 127935
44444, 2.5, 63.1727608487398, 64.1845705193407, 64.3942040597693, 8.89917821041308, -1138516.36433021, -1138516.36433021, 127935
444444, 2.5, 63.3830408301975, 64.321218879891, 64.5191998276504, 8.89917821041308, -1138516.36433021, -1138516.36433021, 127935
44, 2.6, 63.017755770798, 64.6660227013197, 64.6731236795345, 8.89917821041308, -1138516.36433021, -1138516.36433021, 127935
444, 2.6, 63.0989900507794, 64.5895663496802, 64.6612216753023, 8.89917821041308, -1138516.36433021, -1138516.36433021, 127935
4444, 2.6, 63.278332850594, 64.4580028332857, 64.5422016329812, 8.89917821041308, -1138516.36433021, -1138516.36433021, 127935
44444, 2.6, 63.1727608487398, 64.4083676693407, 64.6180012097693, 8.89917821041308, -1138516.36433021, -1138516.36433021, 127935
444444, 2.6, 63.3830408301975, 64.545016029891, 64.7429969776504, 8.89917821041308, -1138516.36433021, -1138516.36433021, 127935
44, 2.7, 63.017755770798, 64.8898198513197, 64.8969208295345, 8.89917821041308, -1138516.36433021, -1138516.36433021, 127935
444, 2.7, 63.0989900507794, 64.8133634996802, 64.8850188253023, 8.89917821041308, -1138516.36433021, -1138516.36433021, 127935
4444, 2.7, 63.278332850594, 64.6817999832857, 64.7659987829812, 8.89917821041308, -1138516.36433021, -1138516.36433021, 127935
44444, 2.7, 63.1727608487398, 64.6321648193407, 64.8417983597693, 8.89917821041308, -1138516.36433021, -1138516.36433021, 127935
444444, 2.7, 63.3830408301975, 64.768813179891, 64.9667941276504, 8.89917821041308, -1138516.36433021, -1138516.36433021, 127935
44, 2.8, 63.017755770798, 65.1136170013197, 65.1207179795345, 8.89917821041308, -1138516.36433021, -1138516.36433021, 127935
444, 2.8, 63.0989900507794, 65.0371606496802, 65.1088159753023, 8.89917821041308, -1138516.36433021, -1138516.36433021, 127935
4444, 2.8, 63.278332850594, 64.9055971332857, 64.9897959329812, 8.89917821041308, -1138516.36433021, -1138516.36433021, 127935
44444, 2.8, 63.1727608487398, 64.8559619693407, 65.0655955097693, 8.89917821041308, -1138516.36433021, -1138516.36433021, 127935
444444, 2.8, 63.3830408301975, 64.992610329891, 65.1905912776504, 8.89917821041308, -1138516.36433021, -1138516.36433021, 127935
44, 2.9, 63.017755770798, 65.3374141513197, 65.3445151295345, 8.89917821041308, -1138516.36433021, -1138516.36433021, 127935
444, 2.9, 63.0989900507794, 65.2609577996802, 65.3326131253023, 8.89917821041308, -1138516.36433021, -1138516.36433021, 127935
4444, 2.9, 63.278332850594, 65.1293942832857, 65.2135930829812, 8.89917821041308, -1138516.36433021, -1138516.36433021, 127935
44444, 2.9, 63.1727608487398, 65.0797591193407, 65.2893926597693, 8.89917821041308, -1138516.36433021, -1138516.36433021, 127935
444444, 2.9, 63.3830408301975, 65.216407479891, 65.4143884276504, 8.89917821041308, -1138516.36433021, -1138516.36433021, 127935
44, 3, 63.017755770798, 65.5612113013197, 65.5683122795345, 8.89917821041308, -1138516.36433021, -1138516.36433021, 127935
444, 3, 63.0989900507794, 65.4847549496802, 65.5564102753023, 8.89917821041308, -1138516.36433021, -1138516.36433021, 127935
4444, 3, 63.278332850594, 65.3531914332857, 65.4373902329812, 8.89917821041308, -1138516.36433021, -1138516.36433021, 127935
44444, 3, 63.1727608487398, 65.3035562693407, 65.5131898097693, 8.89917821041308, -1138516.36433021, -1138516.36433021, 127935
444444, 3, 63.3830408301975, 65.440204629891, 65.6381855776504, 8.89917821041308, -1138516.36433021, -1138516.36433021, 127935
44, 3.1, 63.017755770798, 65.7850084513197, 65.7921094295345, 8.89917821041308, -1138516.36433021, -1138516.36433021, 127935
444, 3.1, 63.0989900507794, 65.7085520996802, 65.7802074253023, 8.89917821041308, -1138516.36433021, -1138516.36433021, 127935
4444, 3.1, 63.278332850594, 65.5769885832857, 65.6611873829812, 8.89917821041308, -1138516.36433021, -1138516.36433021, 127935
44444, 3.1, 63.1727608487398, 65.5273534193407, 65.7369869597693, 8.89917821041308, -1138516.36433021, -1138516.36433021, 127935
444444, 3.1, 63.3830408301975, 65.664001779891, 65.8619827276504, 8.89917821041308, -1138516.36433021, -1138516.36433021, 127935
44, 3.2, 63.0331947840163, 65.9839015643048, 65.9910895858041, 8.89917827048339, -1138516.36433015, -1138516.36433021, 127935
444, 3.2, 63.0989900507794, 65.9323492496802, 66.0040045753023, 8.89917821041308, -1138516.36433021, -1138516.36433021, 127935
4444, 3.2, 63.278332850594, 65.8007857332857, 65.8849845329812, 8.89917821041308, -1138516.36433021, -1138516.36433021, 127935
44444, 3.2, 63.1727608487398, 65.7511505693407, 65.9607841097693, 8.89917821041308, -1138516.36433021, -1138516.36433021, 127935
444444, 3.2, 63.3830408301975, 65.887798929891, 66.0857798776504, 8.89917821041308, -1138516.36433021, -1138516.36433021, 127935
44, 3.3, 63.1551011483813, 66.0260156332722, 66.033927489517, 8.89917775033973, -1138516.36433067, -1138516.36433021, 127935
444, 3.3, 63.1983939895966, 66.0070987736334, 66.0844193269217, 8.8991776604671, -1138516.36433076, -1138516.36433021, 127935
4444, 3.3, 63.278332850594, 66.0245828832857, 66.1087816829812, 8.8991783305537, -1138516.36433009, -1138516.36433021, 127935
44444, 3.3, 63.1994954334799, 65.9359081104286, 66.1495036982954, 8.89917893032543, -1138516.36432949, -1138516.36433021, 127935
444444, 3.3, 63.33441841993, 65.9666270111899, 66.1794843762538, 8.89917752053589, -1138516.3643309, -1138516.36433021, 127935
44, 3.4, 63.1646889543734, 66.0278718828204, 66.0367149138597, 8.89917814033106, -1138516.36433028, -1138516.36433021, 127935
444, 3.4, 63.2132357511056, 66.0063392440715, 66.094140245373, 8.89917800039984, -1138516.36433042, -1138516.36433021, 127935
4444, 3.4, 63.2955558784345, 66.0355186986483, 66.1297153402411, 8.89917801041156, -1138516.36433041, -1138516.36433021, 127935
44444, 3.4, 63.2504634428941, 65.9488050252883, 66.1868774712994, 8.89917772053741, -1138516.3643307, -1138516.36433021, 127935
444444, 3.4, 63.3271292432406, 65.9628908292824, 66.1884999709814, 8.899178030435, -1138516.36433039, -1138516.36433021, 127935
44, 3.5, 63.2012586850767, 66.0416645843138, 66.0477550922846, 8.8991781603545, -1138516.36433026, -1138516.36433021, 127935
444, 3.5, 63.1899543098033, 66.0098302354572, 66.0718290338232, 8.89917819038965, -1138516.36433023, -1138516.36433021, 127935
4444, 3.5, 63.2967096736804, 66.0385415703534, 66.1254599431345, 8.89917843043804, -1138516.36432999, -1138516.36433021, 127935
44444, 3.5, 63.2558541610465, 65.9561551269034, 66.1804264340956, 8.89917811052874, -1138516.36433031, -1138516.36433021, 127935
444444, 3.5, 63.3399004334426, 65.9854903880299, 66.1520644878264, 8.89917825045995, -1138516.36433017, -1138516.36433021, 127935
44, 2, 63.017755770798, 63.3232398013197, 63.3303407795345, 8.89917821041308, -1138516.36433021, -1138516.36433021, 127935
444, 2, 63.0989900507794, 63.2467834496802, 63.3184387753023, 8.89917821041308, -1138516.36433021, -1138516.36433021, 127935
4444, 2, 63.278332850594, 63.1152199332857, 63.1994187329812, 8.89917821041308, -1138516.36433021, -1138516.36433021, 127935
44444, 2, 63.1727608487398, 63.0655847693407, 63.2752183097693, 8.89917821041308, -1138516.36433021, -1138516.36433021, 127935
444444, 2, 63.3830408301975, 63.202233129891, 63.4002140776504, 8.89917821041308, -1138516.36433021, -1138516.36433021, 127935
44, 2, 63.017755770798, 63.3232398013197, 63.3303407795345, 8.89917821041308, -1138516.36433021, -1138516.36433021, 127935
444, 2, 63.0989900507794, 63.2467834496802, 63.3184387753023, 8.89917821041308, -1138516.36433021, -1138516.36433021, 127935
4444, 2, 63.278332850594, 63.1152199332857, 63.1994187329812, 8.89917821041308, -1138516.36433021, -1138516.36433021, 127935
44444, 2, 63.1727608487398, 63.0655847693407, 63.2752183097693, 8.89917821041308, -1138516.36433021, -1138516.36433021, 127935
444444, 2, 63.3830408301975, 63.202233129891, 63.4002140776504, 8.89917821041308, -1138516.36433021, -1138516.36433021, 127935
44, 2.1, 63.200502870798, 63.5059869013197, 63.5130878795345, 8.89917821041308, -1138516.36433021, -1138516.36433021, 127935
444, 2.1, 63.2817371507794, 63.4295305496802, 63.5011858753023, 8.89917821041308, -1138516.36433021, -1138516.36433021, 127935
4444, 2.1, 63.461079950594, 63.2979670332857, 63.3821658329812, 8.89917821041308, -1138516.36433021, -1138516.36433021, 127935
44444, 2.1, 63.3555079487398, 63.2483318693407, 63.4579654097693, 8.89917821041308, -1138516.36433021, -1138516.36433021, 127935
444444, 2.1, 63.5657879301975, 63.384980229891, 63.5829611776504, 8.89917821041308, -1138516.36433021, -1138516.36433021, 127935
44, 2.2, 63.383249970798, 63.6887340013197, 63.6958349795345, 8.89917821041308, -1138516.36433021, -1138516.36433021, 127935
444, 2.2, 63.4644842507794, 63.6122776496802, 63.6839329753024, 8.89917821041308, -1138516.36433021, -1138516.36433021, 127935
4444, 2.2, 63.643827050594, 63.4807141332857, 63.5649129329812, 8.89917821041308, -1138516.36433021, -1138516.36433021, 127935
44444, 2.2, 63.5382550487398, 63.4310789693407, 63.6407125097693, 8.89917821041308, -1138516.36433021, -1138516.36433021, 127935
444444, 2.2, 63.7485350301975, 63.567727329891, 63.7657082776504, 8.89917821041308, -1138516.36433021, -1138516.36433021, 127935
44, 2.3, 63.565997070798, 63.8714811013197, 63.8785820795345, 8.89917821041308, -1138516.36433021, -1138516.36433021, 127935
444, 2.3, 63.6472313507794, 63.7950247496802, 63.8666800753024, 8.89917821041308, -1138516.36433021, -1138516.36433021, 127935
4444, 2.3, 63.826574150594, 63.6634612332857, 63.7476600329812, 8.89917821041308, -1138516.36433021, -1138516.36433021, 127935
44444, 2.3, 63.7210021487398, 63.6138260693407, 63.8234596097693, 8.89917821041308, -1138516.36433021, -1138516.36433021, 127935
444444, 2.3, 63.9312821301975, 63.750474429891, 63.9484553776504, 8.89917821041308, -1138516.36433021, -1138516.36433021, 127935
44, 2.4, 63.748744170798, 64.0542282013197, 64.0613291795345, 8.89917821041308, -1138516.36433021, -1138516.36433021, 127935
444, 2.4, 63.8299784507794, 63.9777718496802, 64.0494271753024, 8.89917821041308, -1138516.36433021, -1138516.36433021, 127935
4444, 2.4, 64.009321250594, 63.8462083332857, 63.9304071329812, 8.89917821041308, -1138516.36433021, -1138516.36433021, 127935
44444, 2.4, 63.9037492487398, 63.7965731693407, 64.0062067097693, 8.89917821041308, -1138516.36433021, -1138516.36433021, 127935
444444, 2.4, 64.1140292301975, 63.933221529891, 64.1312024776504, 8.89917821041308, -1138516.36433021, -1138516.36433021, 127935
44, 2.5, 63.931491270798, 64.2369753013197, 64.2440762795345, 8.89917821041308, -1138516.36433021, -1138516.36433021, 127935
444, 2.5, 64.0127255507794, 64.1605189496802, 64.2321742753024, 8.89917821041308, -1138516.36433021, -1138516.36433021, 127935
4444, 2.5, 64.192068350594, 64.0289554332857, 64.1131542329812, 8.89917821041308, -1138516.36433021, -1138516.36433021, 127935
44444, 2.5, 64.0864963487398, 63.9793202693407, 64.1889538097693, 8.89917821041308, -1138516.36433021, -1138516.36433021, 127935
444444, 2.5, 64.2967763301975, 64.115968629891, 64.3139495776504, 8.89917821041308, -1138516.36433021, -1138516.36433021, 127935
44, 2.6, 64.1142383707979, 64.4197224013197, 64.4268233795345, 8.89917821041308, -1138516.36433021, -1138516.36433021, 127935
444, 2.6, 64.1954726507794, 64.3432660496802, 64.4149213753023, 8.89917821041308, -1138516.36433021, -1138516.36433021, 127935
4444, 2.6, 64.374815450594, 64.2117025332857, 64.2959013329812, 8.89917821041308, -1138516.36433021, -1138516.36433021, 127935
44444, 2.6, 64.2692434487398, 64.1620673693407, 64.3717009097693, 8.89917821041308, -1138516.36433021, -1138516.36433021, 127935
444444, 2.6, 64.4795234301975, 64.298715729891, 64.4966966776504, 8.89917821041308, -1138516.36433021, -1138516.36433021, 127935
44, 2.7, 64.2969854707979, 64.6024695013197, 64.6095704795345, 8.89917821041308, -1138516.36433021, -1138516.36433021, 127935
444, 2.7, 64.3782197507794, 64.5260131496802, 64.5976684753023, 8.89917821041308, -1138516.36433021, -1138516.36433021, 127935
4444, 2.7, 64.557562550594, 64.3944496332857, 64.4786484329812, 8.89917821041308, -1138516.36433021, -1138516.36433021, 127935
44444, 2.7, 64.4519905487398, 64.3448144693407, 64.5544480097693, 8.89917821041308, -1138516.36433021, -1138516.36433021, 127935
444444, 2.7, 64.6622705301975, 64.481462829891, 64.6794437776504, 8.89917821041308, -1138516.36433021, -1138516.36433021, 127935
44, 2.8, 64.4797325707979, 64.7852166013197, 64.7923175795345, 8.89917821041308, -1138516.36433021, -1138516.36433021, 127935
444, 2.8, 64.5609668507794, 64.7087602496802, 64.7804155753023, 8.89917821041308, -1138516.36433021, -1138516.36433021, 127935
4444, 2.8, 64.740309650594, 64.5771967332857, 64.6613955329812, 8.89917821041308, -1138516.36433021, -1138516.36433021, 127935
44444, 2.8, 64.6347376487398, 64.5275615693407, 64.7371951097693, 8.89917821041308, -1138516.36433021, -1138516.36433021, 127935
444444, 2.8, 64.8450176301975, 64.664209929891, 64.8621908776504, 8.89917821041308, -1138516.36433021, -1138516.36433021, 127935
44, 2.9, 64.6624796707979, 64.9679637013197, 64.9750646795345, 8.89917821041308, -1138516.36433021, -1138516.36433021, 127935
444, 2.9, 64.7437139507794, 64.8915073496802, 64.9631626753023, 8.89917821041308, -1138516.36433021, -1138516.36433021, 127935
4444, 2.9, 64.923056750594, 64.7599438332857, 64.8441426329812, 8.89917821041308, -1138516.36433021, -1138516.36433021, 127935
44444, 2.9, 64.8174847487398, 64.7103086693407, 64.9199422097693, 8.89917821041308, -1138516.36433021, -1138516.36433021, 127935
444444, 2.9, 65.0277647301975, 64.846957029891, 65.0449379776504, 8.89917821041308, -1138516.36433021, -1138516.36433021, 127935
44, 3, 64.845226770798, 65.1507108013197, 65.1578117795345, 8.89917821041308, -1138516.36433021, -1138516.36433021, 127935
444, 3, 64.9264610507794, 65.0742544496802, 65.1459097753023, 8.89917821041308, -1138516.36433021, -1138516.36433021, 127935
4444, 3, 65.105803850594, 64.9426909332857, 65.0268897329812, 8.89917821041308, -1138516.36433021, -1138516.36433021, 127935
44444, 3, 65.0002318487398, 64.8930557693407, 65.1026893097693, 8.89917821041308, -1138516.36433021, -1138516.36433021, 127935
444444, 3, 65.2105118301975, 65.029704129891, 65.2276850776504, 8.89917821041308, -1138516.36433021, -1138516.36433021, 127935
44, 3.1, 65.027973870798, 65.3334579013197, 65.3405588795345, 8.89917821041308, -1138516.36433021, -1138516.36433021, 127935
444, 3.1, 65.1092081507794, 65.2570015496802, 65.3286568753023, 8.89917821041308, -1138516.36433021, -1138516.36433021, 127935
4444, 3.1, 65.288550950594, 65.1254380332857, 65.2096368329812, 8.89917821041308, -1138516.36433021, -1138516.36433021, 127935
44444, 3.1, 65.1829789487398, 65.0758028693407, 65.2854364097693, 8.89917821041308, -1138516.36433021, -1138516.36433021, 127935
444444, 3.1, 65.3932589301975, 65.212451229891, 65.4104321776504, 8.89917821041308, -1138516.36433021, -1138516.36433021, 127935
44, 3.2, 65.210720970798, 65.5162050013197, 65.5233059795345, 8.89917821041308, -1138516.36433021, -1138516.36433021, 127935
444, 3.2, 65.2919552507794, 65.4397486496802, 65.5114039753023, 8.89917821041308, -1138516.36433021, -1138516.36433021, 127935
4444, 3.2, 65.471298050594, 65.3081851332857, 65.3923839329812, 8.89917821041308, -1138516.36433021, -1138516.36433021, 127935
44444, 3.2, 65.3657260487398, 65.2585499693407, 65.4681835097693, 8.89917821041308, -1138516.36433021, -1138516.36433021, 127935
444444, 3.2, 65.5760060301975, 65.395198329891, 65.5931792776504, 8.89917821041308, -1138516.36433021, -1138516.36433021, 127935
44, 3.3, 65.393468070798, 65.6989521013197, 65.7060530795345, 8.89917821041308, -1138516.36433021, -1138516.36433021, 127935
444, 3.3, 65.4747023507794, 65.6224957496802, 65.6941510753023, 8.89917821041308, -1138516.36433021, -1138516.36433021, 127935
4444, 3.3, 65.654045150594, 65.4909322332857, 65.5751310329812, 8.89917821041308, -1138516.36433021, -1138516.36433021, 127935
44444, 3.3, 65.5484731487398, 65.4412970693407, 65.6509306097693, 8.89917821041308, -1138516.36433021, -1138516.36433021, 127935
444444, 3.3, 65.7587531301975, 65.577945429891, 65.7759263776504, 8.89917821041308, -1138516.36433021, -1138516.36433021, 127935
44, 3.4, 65.5839876790794, 65.8588547410516, 65.8660308632898, 8.89917762042023, -1138516.3643308, -1138516.36433021, 127935
444, 3.4, 65.6574494507794, 65.8052428496802, 65.8768981753023, 8.8991782204248, -1138516.3643302, -1138516.36433021, 127935
4444, 3.4, 65.836792250594, 65.6736793332857, 65.7578781329812, 8.89917821041308, -1138516.36433021, -1138516.36433021, 127935
44444, 3.4, 65.7312202487398, 65.6240441693407, 65.8336777097693, 8.89917821041308, -1138516.36433021, -1138516.36433021, 127935
444444, 3.4, 65.8897981088323, 65.783326041053, 65.907394334839, 8.89917855034582, -1138516.36432987, -1138516.36433021, 127935
44, 3.5, 65.8324700320664, 65.9059934975216, 65.9136635331973, 8.89917868049815, -1138516.36432974, -1138516.36433021, 127935
444, 3.5, 65.8933963805992, 65.8778403779334, 65.9526461848541, 8.89917788049206, -1138516.36433054, -1138516.36433021, 127935
4444, 3.5, 65.962049343567, 65.8849861949436, 65.8811923037367, 8.89917838037945, -1138516.36433004, -1138516.36433021, 127935
44444, 3.5, 65.857473875167, 65.8324430814536, 65.9626822608337, 8.89917849050835, -1138516.36432993, -1138516.36433021, 127935
444444, 3.5, 65.9337712520665, 65.9434220689118, 65.9336825516613, 8.89917732053436, -1138516.3643311, -1138516.36433021, 127935
44, 3.6, 65.9397109761116, 65.936746880083, 65.9367384850959, 8.89917756034993, -1138516.36433086, -1138516.36433021, 127935
444, 3.6, 65.9442921381376, 65.9278752498993, 65.9279579733428, 8.89917705045082, -1138516.36433137, -1138516.36433021, 127935
4444, 3.6, 65.9277389135835, 65.9463839859673, 65.9276854071152, 8.89917710050941, -1138516.36433132, -1138516.36433021, 127935
44444, 3.6, 65.9325558036841, 65.9431069403285, 65.9324927125213, 8.8991771703586, -1138516.36433125, -1138516.36433021, 127935
444444, 3.6, 65.9387910903568, 65.938461526845, 65.9388024872148, 8.89917695033364, -1138516.36433147, -1138516.36433021, 127935
44, 3.7, 65.9386461625921, 65.9387171705561, 65.9387198634992, 8.89917732053436, -1138516.3643311, -1138516.36433021, 127935
444, 3.7, 65.9386438273212, 65.9387696247021, 65.9387845046923, 8.89917720039375, -1138516.36433122, -1138516.36433021, 127935
4444, 3.7, 65.9391782357055, 65.9390367300994, 65.9391404756644, 8.89917706046253, -1138516.36433136, -1138516.36433021, 127935
44444, 3.7, 65.9389167525351, 65.9387237877475, 65.9389667495925, 8.89917697035708, -1138516.36433145, -1138516.36433021, 127935
444444, 3.7, 65.9382809247951, 65.9381317437335, 65.9382980552291, 8.89917772053741, -1138516.3643307, -1138516.36433021, 127935
44, 3.8, 65.9379583195315, 65.938214765961, 65.9382184278766, 8.89917808049358, -1138516.36433034, -1138516.36433021, 127935
444, 3.8, 65.9376106702451, 65.937766017225, 65.9378135370073, 8.89917799038813, -1138516.36433043, -1138516.36433021, 127935
4444, 3.8, 65.9379629106436, 65.9378215799624, 65.9379068585606, 8.89917788049206, -1138516.36433054, -1138516.36433021, 127935
44444, 3.8, 65.9380357331907, 65.9379373500263, 65.9381196734456, 8.8991777903866, -1138516.36433063, -1138516.36433021, 127935
444444, 3.8, 65.9372650291861, 65.9369340194437, 65.937280250693, 8.89917817036621, -1138516.36433025, -1138516.36433021, 127935
44, 3.9, 65.9369809824565, 65.9372841340619, 65.9372870281036, 8.89917843043804, -1138516.36432999, -1138516.36433021, 127935
444, 3.9, 65.9367408015578, 65.9369164239974, 65.9369548655458, 8.89917828049511, -1138516.36433014, -1138516.36433021, 127935
4444, 3.9, 65.9372877171424, 65.9370200779914, 65.937212269781, 8.89917824044824, -1138516.36433018, -1138516.36433021, 127935
44444, 3.9, 65.9372175680141, 65.9372121668864, 65.937236311959, 8.89917825045995, -1138516.36433017, -1138516.36433021, 127935
444444, 3.9, 65.9114638260105, 65.9287031227486, 65.9104048850301, 8.89917796035297, -1138516.36433046, -1138516.36433021, 127935
44, 4, 65.9365923735311, 65.9365980495777, 65.9365981617546, 8.89917825045995, -1138516.36433017, -1138516.36433021, 127935
444, 4, 65.9367733464451, 65.9369965648039, 65.937050925451, 8.89917846047319, -1138516.36432996, -1138516.36433021, 127935
4444, 4, 65.9368111864119, 65.9366579978487, 65.9367742442449, 8.89917834033258, -1138516.36433008, -1138516.36433021, 127935
44444, 4, 65.9375047704464, 65.937375557206, 65.937612165708, 8.89917873032391, -1138516.36432969, -1138516.36433021, 127935
444444, 4, 65.9366386014351, 65.9365537494339, 65.9366410057989, 8.89917836035602, -1138516.36433006, -1138516.36433021, 127935
44, 4.1, 65.936577774001, 65.9369339527412, 65.9369388198572, 8.89917876035906, -1138516.36432966, -1138516.36433021, 127935
444, 4.1, 65.9365748779672, 65.9365970139555, 65.9365976082667, 8.8991783503443, -1138516.36433007, -1138516.36433021, 127935
4444, 4.1, 65.9367968114779, 65.9366407875222, 65.9367516299771, 8.89917834033258, -1138516.36433008, -1138516.36433021, 127935
44444, 4.1, 65.9366268441155, 65.9367488266224, 65.9366885366814, 8.8991783503443, -1138516.36433007, -1138516.36433021, 127935
444444, 4.1, 65.936595191493, 65.9365917400453, 65.9365964210732, 8.89917841041461, -1138516.36433001, -1138516.36433021, 127935
44, 4.2, 65.9365592131318, 65.9365891804182, 65.9365895864091, 8.89917841041461, -1138516.36433001, -1138516.36433021, 127935
444, 4.2, 65.936614122274, 65.9366801905707, 65.9367357406538, 8.89917837036774, -1138516.36433005, -1138516.36433021, 127935
4444, 4.2, 65.9365859729174, 65.9365437053298, 65.9365729051726, 8.89917864045128, -1138516.36432978, -1138516.36433021, 127935
44444, 4.2, 65.9366946961007, 65.9365572768698, 65.9367520519122, 8.89917859039269, -1138516.36432983, -1138516.36433021, 127935
444444, 4.2, 65.936605846972, 65.9365669901568, 65.9366076387066, 8.89917844044976, -1138516.36432998, -1138516.36433021, 127935
44, 4.3, 65.9365248544317, 65.9366073907062, 65.9366088368559, 8.89917854033411, -1138516.36432988, -1138516.36433021, 127935
444, 4.3, 65.9364706384368, 65.9366898640379, 65.9367567695706, 8.89917900040746, -1138516.36432942, -1138516.36433021, 127935
4444, 4.3, 65.9365939933707, 65.9365301213822, 65.9365735255349, 8.89917857036926, -1138516.36432985, -1138516.36433021, 127935
44444, 4.3, 65.9365897743327, 65.936582791158, 65.9365966776834, 8.89917837036774, -1138516.36433005, -1138516.36433021, 127935
444444, 4.3, 65.9366451696175, 65.9365065797087, 65.9366507860218, 8.89917851053178, -1138516.36432991, -1138516.36433021, 127935
44, 4.4, 65.9363110119435, 65.9365950583141, 65.936597054727, 8.89917903044261, -1138516.36432939, -1138516.36433021, 127935
444, 4.4, 65.9365083435573, 65.936668128236, 65.936685776881, 8.89917840040289, -1138516.36433002, -1138516.36433021, 127935
4444, 4.4, 65.9366461590806, 65.9365189169857, 65.9366124755267, 8.89917856035754, -1138516.36432986, -1138516.36433021, 127935
44444, 4.4, 65.936586574751, 65.9365166829622, 65.9366168479165, 8.89917854033411, -1138516.36432988, -1138516.36433021, 127935
444444, 4.4, 65.936680808322, 65.9363909916282, 65.93669650156, 8.89917888049968, -1138516.36432954, -1138516.36433021, 127935
44, 4.5, 65.9367240902561, 65.936715738477, 65.9367159446665, 8.89917815034278, -1138516.36433027, -1138516.36433021, 127935
444, 4.5, 65.939047938143, 65.9312445461795, 65.9313017333288, 8.8991787803825, -1138516.36432964, -1138516.36433021, 127935
4444, 4.5, 65.9366923448467, 65.9365539148063, 65.9366796582494, 8.89917839039117, -1138516.36433003, -1138516.36433021, 127935
44444, 4.5, 65.9366060708554, 65.9364877799944, 65.9366875869867, 8.89917877037078, -1138516.36432965, -1138516.36433021, 127935
444444, 4.5, 65.9367260326347, 65.9366700787838, 65.9367305610949, 8.89917823043652, -1138516.36433019, -1138516.36433021, 127935
44, 4.6, 65.9365944807438, 65.9367298310645, 65.9367353062772, 8.89917829050682, -1138516.36433013, -1138516.36433021, 127935
444, 4.6, 67.4349840514191, 67.7961826575012, 69.5047017647138, 14.8965195303317, -1138510.36698889, -1138516.36433021, 127935
4444, 4.6, 67.979757450594, 67.9113106813098, 67.946642858269, -1871873918.55734, -1873012443.82085, -1138516.36433021, 127935
44444, 4.6, 65.9366464761412, 65.9364990004619, 65.936692062582, 8.89917848049663, -1138516.36432994, -1138516.36433021, 127935
444444, 4.6, 68.3939407608665, 68.393926745965, 68.3939153080693, 14.3492710504215, -1138510.91423737, -1138516.36433021, 127935
44, 4.7, 68.3939403225068, 68.3939602511512, 68.3939537678268, 14.3492709505372, -1138510.91423747, -1138516.36433021, 127935
444, 4.7, 68.3939100293057, 68.3939260561125, 68.3939071526789, 14.3492709605489, -1138510.91423746, -1138516.36433021, 127935
4444, 4.7, 68.3939512288619, 68.3939407974126, 68.39393647245, 14.3492708704434, -1138510.91423755, -1138516.36433021, 127935
44444, 4.7, 68.3939623972997, 68.3938838161408, 68.3939591606492, 14.3492711505387, -1138510.91423727, -1138516.36433021, 127935
444444, 4.7, 68.3939200710433, 68.3939560277919, 68.3939603894718, 14.3492709004786, -1138510.91423752, -1138516.36433021, 127935
44, 4.8, 68.3938894774518, 68.3939100557431, 68.3939091964889, 14.3492711004801, -1138510.91423732, -1138516.36433021, 127935
444, 4.8, 68.3939224684567, 68.3939025115063, 68.3939012387868, 14.3492711505387, -1138510.91423727, -1138516.36433021, 127935
4444, 4.8, 68.3939476127566, 68.393923893736, 68.3939043294675, 14.3492709505372, -1138510.91423747, -1138516.36433021, 127935
44444, 4.8, 68.3939356711782, 68.393942096601, 68.393946541433, 14.3492709703278, -1138510.91423745, -1138516.36433021, 127935
444444, 4.8, 68.3939247926538, 68.3939492564455, 68.3939195640406, 14.349270920502, -1138510.9142375, -1138516.36433021, 127935
44, 4.9, 68.3939178798975, 68.3939234513884, 68.3939244904334, 14.3492709505372, -1138510.91423747, -1138516.36433021, 127935
444, 4.9, 68.3939223494234, 68.3939130559762, 68.3939171422094, 14.3492708404083, -1138510.91423758, -1138516.36433021, 127935
4444, 4.9, 68.3939383358813, 68.3938967635022, 68.3939027802762, 14.3492709703278, -1138510.91423745, -1138516.36433021, 127935
44444, 4.9, 68.3939477477184, 68.3939394579248, 68.3939078685803, 14.3492711903527, -1138510.91423723, -1138516.36433021, 127935
444444, 4.9, 68.3939373236942, 68.3939354333094, 68.3939311718321, 14.3492709703278, -1138510.91423745, -1138516.36433021, 127935
44, 5, 68.393911064778, 68.3939157220197, 68.3939139502391, 14.349271070445, -1138510.91423735, -1138516.36433021, 127935
444, 5, 68.3939453187681, 68.3939398889641, 68.3939315853173, 14.3492708904669, -1138510.91423753, -1138516.36433021, 127935
4444, 5, 68.3939657227777, 68.3939413234018, 68.3939417274606, 14.3492710303981, -1138510.91423739, -1138516.36433021, 127935
44444, 5, 68.3939622250768, 68.3939493018281, 68.3939716342956, 14.3492710103747, -1138510.91423741, -1138516.36433021, 127935
444444, 5, 68.3939502485934, 68.3939421866142, 68.3939546055253, 14.349270920502, -1138510.9142375, -1138516.36433021, 127935
44, 5.1, 68.3939017885062, 68.3938972460975, 68.3938982646519, 14.3492709803395, -1138510.91423744, -1138516.36433021, 127935
444, 5.1, 68.3939896473422, 68.3939143936783, 68.3939696211247, 14.3492711505387, -1138510.91423727, -1138516.36433021, 127935
4444, 5.1, 68.3939750386279, 68.3939440670422, 68.3939540646315, 14.3492710604332, -1138510.91423736, -1138516.36433021, 127935
44444, 5.1, 68.3938983353376, 68.3938665621008, 68.3938921943386, 14.3492710504215, -1138510.91423737, -1138516.36433021, 127935
444444, 5.1, 68.393915106683, 68.3939170196866, 68.3939185309679, 14.3492708303966, -1138510.91423759, -1138516.36433021, 127935
44, 5.2, 68.3939213444558, 68.3939283094019, 68.3939335904153, 14.3492710604332, -1138510.91423736, -1138516.36433021, 127935
444, 5.2, 68.3939396377022, 68.3939305156262, 68.3939226033284, 14.3492711703293, -1138510.91423725, -1138516.36433021, 127935
4444, 5.2, 68.3939363199868, 68.3939177759656, 68.3939304472416, 14.3492710103747, -1138510.91423741, -1138516.36433021, 127935
44444, 5.2, 68.3939670395315, 68.3939744598168, 68.3939732338468, 14.3492713004816, -1138510.91423712, -1138516.36433021, 127935
444444, 5.2, 68.393946531805, 68.3939557436482, 68.3939628590457, 14.3492710804567, -1138510.91423734, -1138516.36433021, 127935
44, 5.3, 68.3939449986672, 68.393930387942, 68.3939321854241, 14.3492712003645, -1138510.91423722, -1138516.36433021, 127935
444, 5.3, 68.3939124833175, 68.3939409812209, 68.3939183794993, 14.3492709803395, -1138510.91423744, -1138516.36433021, 127935
4444, 5.3, 68.3939160431706, 68.3938994495501, 68.3939107280133, 14.3492708904669, -1138510.91423753, -1138516.36433021, 127935
44444, 5.3, 68.3939511782737, 68.3939529501217, 68.3939457639578, 14.3492710804567, -1138510.91423734, -1138516.36433021, 127935
444444, 5.3, 68.3939214973871, 68.3939072300467, 68.3939286191132, 14.3492710904684, -1138510.91423733, -1138516.36433021, 127935
44, 5.4, 68.3939627649323, 68.393931839892, 68.3939198336727, 14.3492713104934, -1138510.91423711, -1138516.36433021, 127935
444, 5.4, 68.3939410231096, 68.3939484354859, 68.3939396113886, 14.3492710604332, -1138510.91423736, -1138516.36433021, 127935
4444, 5.4, 68.3939680644507, 68.3939592003262, 68.3939621840988, 14.349271070445, -1138510.91423735, -1138516.36433021, 127935
44444, 5.4, 68.3939322738768, 68.393928053366, 68.3939328045103, 14.3492709605489, -1138510.91423746, -1138516.36433021, 127935
444444, 5.4, 69.5872270368913, 67.984314079212, 70.4297710790269, 15.0696391204838, -1138510.1938693, -1138516.36433021, 127935
44, 5.5, 67.9843079008962, 69.5872289238229, 70.4297764199519, 15.0696390604135, -1138510.19386936, -1138516.36433021, 127935
444, 5.5, 68.8157825106103, 69.551238650387, 71.1674040881436, 14.9428644003347, -1138510.32064402, -1138516.36433021, 127935
4444, 5.5, 71.1674201623189, 68.8157055585703, 69.5512458773555, 14.9428644403815, -1138510.32064398, -1138516.36433021, 127935
44444, 5.5, 69.5872252929784, 67.9843102456412, 70.4298269879729, 15.0696391104721, -1138510.19386931, -1138516.36433021, 127935
444444, 5.5, 70.3293636145766, 69.6044847544735, 71.119947750939, 14.9429024904966, -1138510.32060593, -1138516.36433021, 127935
44, 5.6, 69.6044907895864, 70.3293310561071, 71.1199533360821, 14.9429025703575, -1138510.32060585, -1138516.36433021, 127935
444, 5.6, 69.6044868512565, 70.3293578836913, 71.1199491348894, 14.9429023405537, -1138510.32060608, -1138516.36433021, 127935
4444, 5.6, 71.1199396976324, 69.6044943106061, 70.3293870686784, 14.9429027903825, -1138510.32060563, -1138516.36433021, 127935
44444, 5.6, 70.3293583784872, 69.6044859867134, 71.1199444393924, 14.942902590381, -1138510.32060583, -1138516.36433021, 127935
444444, 5.6, 70.3293948075117, 69.6044792044096, 71.1199427334749, 14.9429023803677, -1138510.32060604, -1138516.36433021, 127935
44, 5.7, 69.6044873929709, 70.3293629255036, 71.1199512626306, 14.9429024204146, -1138510.320606, -1138516.36433021, 127935
444, 5.7, 69.6044908638456, 70.3293680887868, 71.1199478667194, 14.942902590381, -1138510.32060583, -1138516.36433021, 127935
4444, 5.7, 70.4481914965532, 69.9751492396875, 69.9751568480342, 15.1730726703536, -1138510.09043575, -1138516.36433021, 127935
44444, 5.7, 70.3293585437289, 69.604488793661, 71.1199470309538, 14.9429023405537, -1138510.32060608, -1138516.36433021, 127935
444444, 5.7, 70.3293504721038, 69.6044885022867, 71.1199492915156, 14.9429024504498, -1138510.32060597, -1138516.36433021, 127935
44, 5.8, 69.604490006822, 70.3293922602758, 71.1199550168247, 14.9429025603458, -1138510.32060586, -1138516.36433021, 127935
444, 5.8, 69.6044890662015, 70.329365049998, 71.11994572406, 14.9429023903795, -1138510.32060603, -1138516.36433021, 127935
4444, 5.8, 71.1199451428383, 70.3294367994606, 69.6044836070693, 14.9429025305435, -1138510.32060589, -1138516.36433021, 127935
44444, 5.8, 70.3294270059691, 69.6044921385622, 71.1199425810374, 14.9429025603458, -1138510.32060586, -1138516.36433021, 127935
444444, 5.8, 70.3293691012262, 69.6044939733869, 71.1199529857134, 14.9429025603458, -1138510.32060586, -1138516.36433021, 127935
44, 5.9, 69.6044853390868, 70.329403272253, 71.1199520184251, 14.9429023205303, -1138510.3206061, -1138516.36433021, 127935
444, 5.9, 69.6044959815306, 70.3293858484105, 71.1199560385895, 14.9429026504513, -1138510.32060577, -1138516.36433021, 127935
4444, 5.9, 71.1199420127877, 69.6044874822994, 70.3294355929482, 14.942902440438, -1138510.32060598, -1138516.36433021, 127935
44444, 5.9, 70.3293997094825, 69.6044853622909, 71.1199462368734, 14.9429024104029, -1138510.32060601, -1138516.36433021, 127935
444444, 5.9, 70.3293640567295, 69.604498449504, 71.1199534890928, 14.9429025503341, -1138510.32060587, -1138516.36433021, 127935
44, 6, 69.6044916402853, 70.3293523902001, 71.1199583622014, 14.9429025105201, -1138510.32060591, -1138516.36433021, 127935
444, 6, 69.6044947765456, 70.3294691693099, 71.1199517354874, 14.9429030003957, -1138510.32060542, -1138516.36433021, 127935
4444, 6, 71.1199555575804, 69.6045028154043, 70.329376807056, 14.9429028904997, -1138510.32060553, -1138516.36433021, 127935
44444, 6, 70.3294084599321, 69.6044885608717, 71.1199479563305, 14.9429024003912, -1138510.32060602, -1138516.36433021, 127935
444444, 6, 70.3293569042938, 69.6044925582488, 71.1199545822906, 14.942902440438, -1138510.32060598, -1138516.36433021, 127935
44, 6.1, 69.6044910566216, 70.3293640636971, 71.1199488825346, 14.9429025005084, -1138510.32060592, -1138516.36433021, 127935
444, 6.1, 69.6044896273934, 70.32935281983, 71.1199497562867, 14.9429024704732, -1138510.32060595, -1138516.36433021, 127935
4444, 6.1, 71.1199605147534, 69.6044990170712, 70.3293488274392, 14.942902730545, -1138510.32060569, -1138516.36433021, 127935
44444, 6.1, 70.3293510547357, 69.6045011982497, 71.1199559530182, 14.9429028003942, -1138510.32060562, -1138516.36433021, 127935
444444, 6.1, 70.3293455731857, 69.6045013316454, 71.119961828029, 14.9429026504513, -1138510.32060577, -1138516.36433021, 127935
44, 6.2, 69.6044956857161, 70.3293850236356, 71.1199624652358, 14.9429024003912, -1138510.32060602, -1138516.36433021, 127935
444, 6.2, 69.6045007450468, 70.3294310476842, 71.1199597495611, 14.9429027603474, -1138510.32060566, -1138516.36433021, 127935
4444, 6.2, 71.1199544348319, 69.6044982833503, 70.3293623660982, 14.9429024204146, -1138510.320606, -1138516.36433021, 127935
44444, 6.2, 70.3293636793077, 69.6045012762415, 71.1199612201433, 14.942902440438, -1138510.32060598, -1138516.36433021, 127935
444444, 6.2, 70.3293745265674, 69.6044972778872, 71.1199627413113, 14.9429024304263, -1138510.32060599, -1138516.36433021, 127935
44, 6.3, 69.6045035679195, 70.329367011528, 71.1199589353878, 14.9429026204161, -1138510.3206058, -1138516.36433021, 127935
444, 6.3, 69.6044971983364, 70.3294313563307, 71.1199573176396, 14.9429024904966, -1138510.32060593, -1138516.36433021, 127935
4444, 6.3, 71.1199547286029, 69.6044939032107, 70.3293959926371, 14.9429023603443, -1138510.32060606, -1138516.36433021, 127935
44444, 6.3, 70.3293603080384, 69.6045020889825, 71.1199564808947, 14.9429024204146, -1138510.320606, -1138516.36433021, 127935
444444, 6.3, 71.1897690799685, 69.5865202605338, 71.9697608046977, 15.029367810348, -1138510.23414061, -1138516.36433021, 127935
44, 6.4, 71.1976144911684, 71.9681327271947, 72.7515543479772, 15.0168355703354, -1138510.24667285, -1138516.36433021, 127935
444, 6.4, 71.1976261360775, 71.9680635278755, 72.7515639288082, 15.016835470451, -1138510.24667295, -1138516.36433021, 127935
4444, 6.4, 72.7515621693275, 71.1976207200601, 71.9681186849518, 15.0168354604393, -1138510.24667296, -1138516.36433021, 127935
44444, 6.4, 71.1696157985039, 70.3938838729956, 72.773690436656, 15.0136317303404, -1138510.24987669, -1138516.36433021, 127935
444444, 6.4, 71.968094316156, 71.1976174976083, 72.7515424504307, 15.0168358003721, -1138510.24667262, -1138516.36433021, 127935
44, 6.5, 71.1976240530393, 71.9681176492049, 72.7515621371238, 15.0168356704526, -1138510.24667275, -1138516.36433021, 127935
444, 6.5, 71.1976302312672, 71.9680862417183, 72.7515506213481, 15.0168357405346, -1138510.24667268, -1138516.36433021, 127935
4444, 6.5, 72.7515608070691, 71.1976237670318, 71.968106451595, 15.0168353104964, -1138510.24667311, -1138516.36433021, 127935
44444, 6.5, 71.9680740780437, 71.1976194352123, 72.7515578463225, 15.0168356604408, -1138510.24667276, -1138516.36433021, 127935
444444, 6.5, 71.9681239418459, 71.1976205247718, 72.7515660330253, 15.0168353104964, -1138510.24667311, -1138516.36433021, 127935
44, 6.6, 71.1976232792603, 71.9680688493165, 72.7515682283923, 15.0168353803456, -1138510.24667304, -1138516.36433021, 127935
444, 6.6, 71.1976274712817, 71.9680893995406, 72.7515614244756, 15.0168356304057, -1138510.24667279, -1138516.36433021, 127935
4444, 6.6, 72.751564994714, 71.1976255319992, 71.9681103964217, 15.0168354304042, -1138510.24667299, -1138516.36433021, 127935
44444, 6.6, 71.9680850329614, 71.1976219925553, 72.751569606569, 15.0168352604378, -1138510.24667316, -1138516.36433021, 127935
444444, 6.6, 71.9681256420464, 71.1976348552424, 72.7515571463085, 15.0168355803471, -1138510.24667284, -1138516.36433021, 127935
44, 6.7, 71.1976186220156, 71.9681408228605, 72.7515616430481, 15.016835620394, -1138510.2466728, -1138516.36433021, 127935
444, 6.7, 71.1976309352837, 71.9681102921418, 72.7515710960184, 15.0168355104979, -1138510.24667291, -1138516.36433021, 127935
4444, 6.7, 72.7515689023275, 71.1976273799849, 71.9681106833956, 15.0168353004847, -1138510.24667312, -1138516.36433021, 127935
44444, 6.7, 71.9680790287544, 71.1976345391545, 72.7515676860667, 15.0168355104979, -1138510.24667291, -1138516.36433021, 127935
444444, 6.7, 71.9681259594654, 71.1976353207924, 72.751563462163, 15.0168355104979, -1138510.24667291, -1138516.36433021, 127935
44, 6.8, 71.1976334925292, 71.9681232601019, 72.7515606520965, 15.0168355104979, -1138510.24667291, -1138516.36433021, 127935
444, 6.8, 71.1976319563784, 71.9681576058885, 72.7515607892527, 15.0168356304057, -1138510.24667279, -1138516.36433021, 127935
4444, 6.8, 72.7515668964791, 71.1976309840931, 71.9680788469701, 15.0168355305213, -1138510.24667289, -1138516.36433021, 127935
44444, 6.8, 71.9681013675565, 71.1976397642494, 72.7515673534874, 15.0168356804643, -1138510.24667274, -1138516.36433021, 127935
444444, 6.8, 71.9680795297389, 71.1976372652657, 72.7515664891872, 15.0168359405361, -1138510.24667248, -1138516.36433021, 127935
44, 6.9, 71.1976319755223, 71.9681391449699, 72.7515733891448, 15.0168355703354, -1138510.24667285, -1138516.36433021, 127935
444, 6.9, 71.1976348552955, 71.9681255928838, 72.7515667232226, 15.0168358704541, -1138510.24667255, -1138516.36433021, 127935
4444, 6.9, 72.7515751330066, 71.1976478089682, 71.9680939539454, 15.0168357603252, -1138510.24667266, -1138516.36433021, 127935
44444, 6.9, 71.9681194711436, 71.1976393813746, 72.7515682362718, 15.016835620394, -1138510.2466728, -1138516.36433021, 127935
444444, 6.9, 71.9680839042391, 71.1976372229628, 72.7515737921338, 15.0168353903573, -1138510.24667303, -1138516.36433021, 127935
44, 7, 71.1976427960718, 71.9681227119469, 72.7515758875336, 15.0168355703354, -1138510.24667285, -1138516.36433021, 127935
444, 7, 71.1976409788534, 71.9681512662144, 72.7515722317541, 15.0168356604408, -1138510.24667276, -1138516.36433021, 127935
4444, 7, 72.7515783087733, 71.1976382800919, 71.9681412516911, 15.0168356304057, -1138510.24667279, -1138516.36433021, 127935
44444, 7, 71.9680956258055, 71.1976381282372, 72.7515774677428, 15.0168354304042, -1138510.24667299, -1138516.36433021, 127935
444444, 7, 71.9681795036999, 71.1976383676275, 72.7515739791722, 15.016835910501, -1138510.24667251, -1138516.36433021, 127935
44, 7.1, 71.1976365724154, 71.9680663411955, 72.7515866249812, 15.0168354404159, -1138510.24667298, -1138516.36433021, 127935
444, 7.1, 71.1976457964655, 71.9681740739952, 72.7515745789582, 15.0168357603252, -1138510.24667266, -1138516.36433021, 127935
4444, 7.1, 72.7515764570595, 71.1976454930383, 71.9681241842516, 15.0168355505448, -1138510.24667287, -1138516.36433021, 127935
44444, 7.1, 71.9681194317427, 71.197646576298, 72.7515726033969, 15.0168358003721, -1138510.24667262, -1138516.36433021, 127935
444444, 7.1, 71.9681476135689, 71.1976407203414, 72.7515779248676, 15.016835690476, -1138510.24667273, -1138516.36433021, 127935
44, 7.2, 71.1860146944725, 72.7811119300496, 73.564854557948, 15.0372378805187, -1138510.22627054, -1138516.36433021, 127935
444, 7.2, 71.1860173638598, 72.7811191118754, 73.5647746509611, 15.0372379105538, -1138510.22627051, -1138516.36433021, 127935
4444, 7.2, 72.7515833048927, 71.1976390803539, 71.9681227164282, 15.0168356704526, -1138510.24667275, -1138516.36433021, 127935
44444, 7.2, 71.968139552199, 71.1976561292442, 72.7515763492049, 15.0168356804643, -1138510.24667274, -1138516.36433021, 127935
444444, 7.2, 73.566892968092, 72.7846589881248, 74.3523081671298, 15.0340563703794, -1138510.22945205, -1138516.36433021, 127935
44, 7.3, 72.7846574085382, 73.5669463912881, 74.3523056699848, 15.0340565105435, -1138510.22945191, -1138516.36433021, 127935
444, 7.3, 72.7846628156698, 73.5668928160592, 74.3522990337193, 15.0340565603692, -1138510.22945186, -1138516.36433021, 127935
4444, 7.3, 74.3523008579157, 72.7846632910412, 73.5668767534954, 15.0340565303341, -1138510.22945189, -1138516.36433021, 127935
44444, 7.3, 73.5669280499154, 72.7846590647466, 74.3523071963982, 15.0340563803911, -1138510.22945204, -1138516.36433021, 127935
444444, 7.3, 73.5669378869591, 72.7846660115874, 74.3523062958378, 15.0340565303341, -1138510.22945189, -1138516.36433021, 127935
44, 7.4, 72.7846628828957, 73.5669083221315, 74.3523063718889, 15.0340567303356, -1138510.22945169, -1138516.36433021, 127935
444, 7.4, 72.7846684612322, 73.5669085302074, 74.3523099810003, 15.0340563105419, -1138510.22945211, -1138516.36433021, 127935
4444, 7.4, 74.3523081902431, 72.7846663493046, 73.5668802951028, 15.0340565403458, -1138510.22945188, -1138516.36433021, 127935
44444, 7.4, 73.5668744915925, 72.7846634676477, 74.3523085015564, 15.0340564404614, -1138510.22945198, -1138516.36433021, 127935
444444, 7.4, 73.5668738858208, 72.7846697212636, 74.3523137566132, 15.0340563205536, -1138510.2294521, -1138516.36433021, 127935
44, 7.5, 72.7846693771118, 73.5668964167719, 74.3523192540631, 15.0340563904028, -1138510.22945203, -1138516.36433021, 127935
444, 7.5, 72.7846752664349, 73.5668793823593, 74.3523122869155, 15.0340565105435, -1138510.22945191, -1138516.36433021, 127935
4444, 7.5, 74.3523073519492, 72.7846726901899, 73.5669292767648, 15.0340566304512, -1138510.22945179, -1138516.36433021, 127935
44444, 7.5, 73.5668928932334, 72.7846709278208, 74.3523132471479, 15.0340563703794, -1138510.22945205, -1138516.36433021, 127935
444444, 7.5, 73.5669375686097, 72.784673243769, 74.3523169215381, 15.0340564304497, -1138510.22945199, -1138516.36433021, 127935
44, 7.6, 72.7846704701772, 73.566905230225, 74.3523191992041, 15.0340562905185, -1138510.22945213, -1138516.36433021, 127935
444, 7.6, 72.784677476639, 73.5669152489533, 74.3523166893676, 15.034056420438, -1138510.229452, -1138516.36433021, 127935
4444, 7.6, 74.3523098385056, 72.7846818749525, 73.5669393919059, 15.0340567603707, -1138510.22945166, -1138516.36433021, 127935
44444, 7.6, 73.5669042252745, 72.7846748177308, 74.352310287641, 15.0340565005317, -1138510.22945192, -1138516.36433021, 127935
444444, 7.6, 73.5668882743514, 72.7846723683195, 74.3523211695674, 15.0340563005302, -1138510.22945212, -1138516.36433021, 127935
44, 7.7, 72.7846711493476, 73.5668920208801, 74.352323271598, 15.0340563803911, -1138510.22945204, -1138516.36433021, 127935
444, 7.7, 72.7846745750034, 73.5668938502292, 74.352322094617, 15.0340564004146, -1138510.22945202, -1138516.36433021, 127935
4444, 7.7, 74.3523181154512, 72.7846743303746, 73.5669093412558, 15.034056350356, -1138510.22945207, -1138516.36433021, 127935
